block_id,cycle_bin,mean,sem,count
B1,1,0.23883651888628288,0.009826377082739497,61
B1,2,0.24276136950020993,0.00864921397444246,61
B1,3,0.25336058326971383,0.012088138199735846,61
B1,4,0.25202046547040646,0.013069445157270768,61
B1,5,0.2606940344878559,0.015805566247533532,61
B1,6,0.2766244859318684,0.01467245529001717,61
B2,1,0.2558668972149399,0.015330859499146698,61
B2,2,0.2662755792534688,0.016837453498464838,61
B2,3,0.29247151716747094,0.01646504115560902,61
B2,4,0.30208044878059354,0.02257213972689109,61
B2,5,0.3054712883780559,0.020562881210592313,61
B2,6,0.30376833463789243,0.02199835171254556,61
