model_id,analysis_set_id,membership_type,metric,aggregation,n_participants,n_probes,participant_equal_log_loss,pooled_probe_log_loss_descriptive,status,reason,ci_lower,ci_upper,n_sessions
behavior_plus::cardiopulmonary.br.v1,AS.behavior_plus_cardiopulmonary,included_missing_aware,log_loss,participant_equal_within_participant_probe_equal,58,2198,0.6206336964517297,0.6162147608499076,estimable,,0.5659274773209648,0.6759415376833221,110
behavior_plus::cardiopulmonary.hr.fused.v1,AS.behavior_plus_cardiopulmonary,included_missing_aware,log_loss,participant_equal_within_participant_probe_equal,58,2198,0.6167959160749362,0.611612159352123,estimable,,0.5629901532759419,0.6702956101344211,110
behavior_plus_modality::cardiopulmonary,AS.behavior_plus_cardiopulmonary,included_missing_aware,log_loss,participant_equal_within_participant_probe_equal,58,2198,0.6184776241353978,0.612963077266224,estimable,,0.5653605883951479,0.6719494808524713,110
behavior_reference,AS.behavior_plus_cardiopulmonary,included_missing_aware,log_loss,participant_equal_within_participant_probe_equal,58,2198,0.6189738749195081,0.6148803168167238,estimable,,0.5647685034880838,0.674787635002538,110
modality::cardiopulmonary,AS.behavior_plus_cardiopulmonary,included_missing_aware,log_loss,participant_equal_within_participant_probe_equal,58,2198,0.6346959768390592,0.6249293188052154,estimable,,0.5843363692901494,0.6853317298590853,110
behavior_plus::movement.body_motion_energy.median.pre30s.v1,AS.behavior_plus_movement,included_missing_aware,log_loss,participant_equal_within_participant_probe_equal,61,2296,0.6276139317587902,0.6160393177105962,estimable,,0.580582382422995,0.6798711256229822,115
behavior_plus_modality::movement,AS.behavior_plus_movement,included_missing_aware,log_loss,participant_equal_within_participant_probe_equal,61,2296,0.6276139317587902,0.6160393177105962,estimable,,0.580582382422995,0.6798711256229822,115
behavior_reference,AS.behavior_plus_movement,included_missing_aware,log_loss,participant_equal_within_participant_probe_equal,61,2296,0.6242492983866207,0.6127480909913304,estimable,,0.5769065089132352,0.6751906725864444,115
modality::movement,AS.behavior_plus_movement,included_missing_aware,log_loss,participant_equal_within_participant_probe_equal,61,2296,0.6464554422283385,0.6288291896513691,estimable,,0.6015407070455155,0.6949690403896801,115
behavior_plus::ocular.blink_rate.rgb_event_rate.pre30s.v1,AS.behavior_plus_ocular,included_missing_aware,log_loss,participant_equal_within_participant_probe_equal,60,1775,0.6223183920942502,0.6202565633202736,estimable,,0.5712278328951037,0.6680465814684522,103
behavior_plus::ocular.pupil_level.rseg_hard.rgb_nir_qc.v1,AS.behavior_plus_ocular,included_missing_aware,log_loss,participant_equal_within_participant_probe_equal,60,1775,0.621969273888872,0.6188901914970353,estimable,,0.5728051621787816,0.6668941969223937,103
behavior_plus::ocular.pupil_linear_trend.rseg_hard.rgb_nir_qc.v1,AS.behavior_plus_ocular,included_missing_aware,log_loss,participant_equal_within_participant_probe_equal,60,1775,0.6240980251392373,0.6203753612609768,estimable,,0.5725043786967289,0.6690824977094199,103
behavior_plus::ocular.pupil_quadratic_curvature.rseg_hard.rgb_nir_qc.v1,AS.behavior_plus_ocular,included_missing_aware,log_loss,participant_equal_within_participant_probe_equal,60,1775,0.624596891186267,0.6212462036340194,estimable,,0.5727579237020798,0.6699159613455418,103
behavior_plus::ocular.pupil_variability.rseg_hard.rgb_nir_qc.v1,AS.behavior_plus_ocular,included_missing_aware,log_loss,participant_equal_within_participant_probe_equal,60,1775,0.6172387870463472,0.6151777706914989,estimable,,0.5687259082835483,0.6612314827966985,103
behavior_plus_modality::ocular,AS.behavior_plus_ocular,included_missing_aware,log_loss,participant_equal_within_participant_probe_equal,60,1775,0.6160203086440047,0.6164698864422437,estimable,,0.5695068687882846,0.6609690900495249,103
behavior_reference,AS.behavior_plus_ocular,included_missing_aware,log_loss,participant_equal_within_participant_probe_equal,60,1775,0.6236048429816435,0.6200546759172965,estimable,,0.5721190906931413,0.6685584381577372,103
modality::ocular,AS.behavior_plus_ocular,included_missing_aware,log_loss,participant_equal_within_participant_probe_equal,60,1775,0.6456336993816053,0.6317109198507095,estimable,,0.5982797635953337,0.6925329721992033,103
behavior_reference,AS.behavior_reference,included_missing_aware,log_loss,participant_equal_within_participant_probe_equal,61,2316,0.6237334205332632,0.6144016057806845,estimable,,0.576768764212538,0.6733113639871758,116
M0,AS.device::M0,included_missing_aware,log_loss,participant_equal_within_participant_probe_equal,61,2316,0.6237334205332632,0.6144016057806845,estimable,,0.576768764212538,0.6733113639871758,116
M2,AS.device::M2,included_missing_aware,log_loss,participant_equal_within_participant_probe_equal,58,2198,0.6184776241353978,0.612963077266224,estimable,,0.5653605883951479,0.6719494808524713,110
M3,AS.device::M3,included_missing_aware,log_loss,participant_equal_within_participant_probe_equal,60,2196,0.6235844863655583,0.6172265129762193,estimable,,0.5745073573323509,0.6720242426466625,110
M5,AS.device::M5,included_missing_aware,log_loss,participant_equal_within_participant_probe_equal,60,1775,0.6180333219583619,0.6210226193876988,estimable,,0.5707748432639399,0.6619479107858688,103
M6,AS.device::M6,included_missing_aware,log_loss,participant_equal_within_participant_probe_equal,57,2098,0.6216825428825273,0.6160113216007441,estimable,,0.5650140930009878,0.6854098569531741,105
M7,AS.device::M7,included_missing_aware,log_loss,participant_equal_within_participant_probe_equal,57,1703,0.6207027136375438,0.6200639750002241,estimable,,0.5638666852037192,0.6843962404198751,98
full,AS.full,included_missing_aware,log_loss,participant_equal_within_participant_probe_equal,57,1703,0.6207027136375438,0.6200639750002241,estimable,,0.5638666852037192,0.6843962404198751,98
full_minus::behavior.go_omission.raw.v1,AS.full,included_missing_aware,log_loss,participant_equal_within_participant_probe_equal,57,1703,0.6163673856053892,0.6154871056225365,estimable,,0.5603069919970741,0.6762777809441152,98
full_minus::behavior.nogo_commission.raw.v1,AS.full,included_missing_aware,log_loss,participant_equal_within_participant_probe_equal,57,1703,0.6449759497183465,0.6389305415805449,estimable,,0.5906132729441428,0.7026642448267374,98
full_minus::behavior.rt_level.median.v1,AS.full,included_missing_aware,log_loss,participant_equal_within_participant_probe_equal,57,1703,0.6202863849823869,0.6202477639452895,estimable,,0.5620194408550025,0.6841480734910148,98
full_minus::behavior.rt_trend.theilsen.v1,AS.full,included_missing_aware,log_loss,participant_equal_within_participant_probe_equal,57,1703,0.620259678492479,0.6195482296572385,estimable,,0.5634067646221548,0.6840406585016086,98
full_minus::behavior.rt_variability.cv.v1,AS.full,included_missing_aware,log_loss,participant_equal_within_participant_probe_equal,57,1703,0.6179488677446208,0.6165681734493896,estimable,,0.5627555716185972,0.6803410838225167,98
full_minus::cardiopulmonary.br.v1,AS.full,included_missing_aware,log_loss,participant_equal_within_participant_probe_equal,57,1703,0.6190407386649635,0.61921163529737,estimable,,0.5622548741141971,0.6822068083589328,98
full_minus::cardiopulmonary.hr.fused.v1,AS.full,included_missing_aware,log_loss,participant_equal_within_participant_probe_equal,57,1703,0.6205937749701167,0.6222267326789547,estimable,,0.5642434998618838,0.6835434699692905,98
full_minus::movement.body_motion_energy.median.pre30s.v1,AS.full,included_missing_aware,log_loss,participant_equal_within_participant_probe_equal,57,1703,0.6166604194192322,0.6153833588068974,estimable,,0.5612652704565987,0.6796061130926407,98
full_minus::ocular.blink_rate.rgb_event_rate.pre30s.v1,AS.full,included_missing_aware,log_loss,participant_equal_within_participant_probe_equal,57,1703,0.6205625632412956,0.6189084768654257,estimable,,0.5656809434580196,0.6825046502435487,98
full_minus::ocular.pupil_level.rseg_hard.rgb_nir_qc.v1,AS.full,included_missing_aware,log_loss,participant_equal_within_participant_probe_equal,57,1703,0.619959088918193,0.6188722703631371,estimable,,0.5634053768803269,0.6847587945332632,98
full_minus::ocular.pupil_linear_trend.rseg_hard.rgb_nir_qc.v1,AS.full,included_missing_aware,log_loss,participant_equal_within_participant_probe_equal,57,1703,0.6203702583349067,0.6197822805128754,estimable,,0.5637147280112671,0.68413753286515,98
full_minus::ocular.pupil_quadratic_curvature.rseg_hard.rgb_nir_qc.v1,AS.full,included_missing_aware,log_loss,participant_equal_within_participant_probe_equal,57,1703,0.6190596585427286,0.6181658772465667,estimable,,0.563577784153342,0.68312057336602,98
full_minus::ocular.pupil_variability.rseg_hard.rgb_nir_qc.v1,AS.full,included_missing_aware,log_loss,participant_equal_within_participant_probe_equal,57,1703,0.6250770489853557,0.6239001076916834,estimable,,0.5671267711707335,0.6900679693895678,98
full_minus_modality::behavior,AS.full,included_missing_aware,log_loss,participant_equal_within_participant_probe_equal,57,1703,0.6441079657051402,0.6353748272033198,estimable,,0.5873529452137881,0.7032166144866231,98
full_minus_modality::cardiopulmonary,AS.full,included_missing_aware,log_loss,participant_equal_within_participant_probe_equal,57,1703,0.6189403242693111,0.6214559220267889,estimable,,0.5624583296396285,0.6816196455885515,98
full_minus_modality::movement,AS.full,included_missing_aware,log_loss,participant_equal_within_participant_probe_equal,57,1703,0.6166604194192322,0.6153833588068974,estimable,,0.5612652704565987,0.6796061130926407,98
full_minus_modality::ocular,AS.full,included_missing_aware,log_loss,participant_equal_within_participant_probe_equal,57,1703,0.620890812970407,0.618903163521072,estimable,,0.5663568838591986,0.6838709669395887,98
sensor_only_joint,AS.sensor_only_joint,included_missing_aware,log_loss,participant_equal_within_participant_probe_equal,57,1705,0.6440637577210162,0.6351524891934848,estimable,,0.5871861459704223,0.7032562875603157,98
standalone::behavior.go_omission.raw.v1,AS.standalone::behavior.go_omission.raw.v1,included_missing_aware,log_loss,participant_equal_within_participant_probe_equal,61,2320,0.6435365675326941,0.6299454316684762,estimable,,0.5986504096027279,0.692293973242953,116
standalone::behavior.nogo_commission.raw.v1,AS.standalone::behavior.nogo_commission.raw.v1,included_missing_aware,log_loss,participant_equal_within_participant_probe_equal,61,2320,0.6122481434817099,0.6018732426322125,estimable,,0.5667693021184136,0.6585860050996974,116
standalone::behavior.rt_level.median.v1,AS.standalone::behavior.rt_level.median.v1,included_missing_aware,log_loss,participant_equal_within_participant_probe_equal,61,2318,0.644496542819263,0.6294847257957982,estimable,,0.6001041746011584,0.6928778633157008,116
standalone::behavior.rt_trend.theilsen.v1,AS.standalone::behavior.rt_trend.theilsen.v1,included_missing_aware,log_loss,participant_equal_within_participant_probe_equal,61,2316,0.642949262423976,0.6279104846065598,estimable,,0.5978702093061397,0.6911788313154688,116
standalone::behavior.rt_variability.cv.v1,AS.standalone::behavior.rt_variability.cv.v1,included_missing_aware,log_loss,participant_equal_within_participant_probe_equal,61,2318,0.6436369473165816,0.6299367542251756,estimable,,0.5989735276050957,0.6918546028826856,116
standalone::cardiopulmonary.br.v1,AS.standalone::cardiopulmonary.br.v1,included_missing_aware,log_loss,participant_equal_within_participant_probe_equal,58,2200,0.6345714896828943,0.6258781498857505,estimable,,0.585798916981175,0.6842501485447351,110
standalone::cardiopulmonary.hr.fused.v1,AS.standalone::cardiopulmonary.hr.fused.v1,included_missing_aware,log_loss,participant_equal_within_participant_probe_equal,58,2200,0.6330760706566386,0.6234037193003006,estimable,,0.5814056669616086,0.6840484710723632,110
standalone::movement.body_motion_energy.median.pre30s.v1,AS.standalone::movement.body_motion_energy.median.pre30s.v1,included_missing_aware,log_loss,participant_equal_within_participant_probe_equal,61,2300,0.6461126826771199,0.6286739433243708,estimable,,0.6010593908446409,0.6948363611271936,115
standalone::ocular.blink_rate.rgb_event_rate.pre30s.v1,AS.standalone::ocular.blink_rate.rgb_event_rate.pre30s.v1,included_missing_aware,log_loss,participant_equal_within_participant_probe_equal,60,2200,0.6404360854587858,0.6261048196515275,estimable,,0.5907966408525311,0.6870522707606838,110
standalone::ocular.pupil_level.rseg_hard.rgb_nir_qc.v1,AS.standalone::ocular.pupil_level.rseg_hard.rgb_nir_qc.v1,included_missing_aware,log_loss,participant_equal_within_participant_probe_equal,61,1936,0.6497049635095546,0.6318029630625986,estimable,,0.6065792723901384,0.698890367503401,108
standalone::ocular.pupil_linear_trend.rseg_hard.rgb_nir_qc.v1,AS.standalone::ocular.pupil_linear_trend.rseg_hard.rgb_nir_qc.v1,included_missing_aware,log_loss,participant_equal_within_participant_probe_equal,61,1857,0.646833386015356,0.6288226145192256,estimable,,0.6033989412587762,0.6955622497943362,107
standalone::ocular.pupil_quadratic_curvature.rseg_hard.rgb_nir_qc.v1,AS.standalone::ocular.pupil_quadratic_curvature.rseg_hard.rgb_nir_qc.v1,included_missing_aware,log_loss,participant_equal_within_participant_probe_equal,61,1855,0.6477767002497246,0.6301136651065166,estimable,,0.6046887536009745,0.6966734146016966,107
standalone::ocular.pupil_variability.rseg_hard.rgb_nir_qc.v1,AS.standalone::ocular.pupil_variability.rseg_hard.rgb_nir_qc.v1,included_missing_aware,log_loss,participant_equal_within_participant_probe_equal,61,1936,0.6470898803501686,0.632554824036581,estimable,,0.6035210008600351,0.6954479487000772,108
