model_id,analysis_set_id,membership_type,schema_version,n_participants,n_probes,positive_rate,participant_macro_auroc,participant_macro_auroc_ci_lower,participant_macro_auroc_ci_upper,n_participants_auroc_estimable,n_participants_auroc_single_class,participant_macro_brier,participant_macro_brier_ci_lower,participant_macro_brier_ci_upper,participant_macro_calibration_in_the_large,participant_macro_calibration_in_the_large_ci_lower,participant_macro_calibration_in_the_large_ci_upper,calibration_intercept,calibration_intercept_ci_lower,calibration_intercept_ci_upper,calibration_slope,calibration_slope_ci_lower,calibration_slope_ci_upper,calibration_status,calibration_slope_reporting,calibration_slope_reporting_note,calibration_n_valid_replicates,bootstrap_method,bootstrap_replicates,bootstrap_seed,bootstrap_confidence_level,prediction_model_retrained_in_bootstrap,calibration_model_refitted_in_bootstrap,used_for_model_or_c_selection,used_for_feature_selection,role
behavior_plus::cardiopulmonary.br.v1,AS.behavior_plus_cardiopulmonary,included_missing_aware,1.16.10-probability-diagnostics-v1,58,2198,0.6906278434940856,0.7088421122668301,0.6632962296697611,0.751502017725165,46,12,0.21375925871339502,0.18962021145613614,0.23803583094894457,-0.000994093295499989,-0.06726151279828083,0.06671933409287978,0.3769318507745231,-0.2547136016595454,0.9449265988081162,0.547634810551168,0.005710746759765929,1.2956888066004066,estimable,reportable,"the participant-macro AUROC 95% interval excludes 0.5, so discrimination is established and the slope may be read against perfect calibration (slope 1, intercept 0); the slope interval must still be consulted, because weak discrimination makes the estimate imprecise",1000,fixed_oof_participant_cluster_percentile,1000,20260830,0.95,False,True,False,False,supplementary_descriptive_diagnostic
behavior_plus::cardiopulmonary.hr.fused.v1,AS.behavior_plus_cardiopulmonary,included_missing_aware,1.16.10-probability-diagnostics-v1,58,2198,0.6906278434940856,0.7052666427773381,0.6578647347549091,0.751349815483329,46,12,0.2128264546385638,0.18830599999691394,0.23679786082115806,-0.0007290734543657765,-0.0671688959397531,0.06717871590363246,0.304151157960084,-0.2735934596319993,0.8207782102036221,0.6345163320082193,0.1588049963043133,1.2833749886718493,estimable,reportable,"the participant-macro AUROC 95% interval excludes 0.5, so discrimination is established and the slope may be read against perfect calibration (slope 1, intercept 0); the slope interval must still be consulted, because weak discrimination makes the estimate imprecise",1000,fixed_oof_participant_cluster_percentile,1000,20260830,0.95,False,True,False,False,supplementary_descriptive_diagnostic
behavior_plus_modality::cardiopulmonary,AS.behavior_plus_cardiopulmonary,included_missing_aware,1.16.10-probability-diagnostics-v1,58,2198,0.6906278434940856,0.7011328074356985,0.6545404218443746,0.7464507232545393,46,12,0.21354094630738754,0.18942012902526045,0.2374501707514552,-0.001244725821080895,-0.06764356687787576,0.06688226976409402,0.32578222060814294,-0.25373462573782907,0.841850463941419,0.6082730457425501,0.13398308276623122,1.255176739674565,estimable,reportable,"the participant-macro AUROC 95% interval excludes 0.5, so discrimination is established and the slope may be read against perfect calibration (slope 1, intercept 0); the slope interval must still be consulted, because weak discrimination makes the estimate imprecise",1000,fixed_oof_participant_cluster_percentile,1000,20260830,0.95,False,True,False,False,supplementary_descriptive_diagnostic
behavior_reference,AS.behavior_plus_cardiopulmonary,included_missing_aware,1.16.10-probability-diagnostics-v1,58,2198,0.6906278434940856,0.7103950611793671,0.6653333674269182,0.7506034728516024,46,12,0.21304443789305239,0.18894417265907662,0.23718422929967095,-0.0004397607486335993,-0.0666390868233169,0.06681804396768269,0.35519621713671673,-0.279501543094469,0.9290383650857074,0.5740807296406498,0.029408340482086223,1.326273529038723,estimable,reportable,"the participant-macro AUROC 95% interval excludes 0.5, so discrimination is established and the slope may be read against perfect calibration (slope 1, intercept 0); the slope interval must still be consulted, because weak discrimination makes the estimate imprecise",1000,fixed_oof_participant_cluster_percentile,1000,20260830,0.95,False,True,False,False,supplementary_descriptive_diagnostic
modality::cardiopulmonary,AS.behavior_plus_cardiopulmonary,included_missing_aware,1.16.10-probability-diagnostics-v1,58,2198,0.6906278434940856,0.4691034636416881,0.4158817027944077,0.5239801243766004,46,12,0.22101267361199547,0.19717492806154335,0.24510339750343096,-0.0006912467738507552,-0.06651565182571512,0.06488191396740274,2.1829416138364888,1.0346863130175954,3.565351380154967,-1.8079730851213192,-3.464824200632919,-0.1728553971006793,estimable,not_reportable_low_discrimination,the participant-macro AUROC 95% interval includes 0.5; the unpenalised calibration slope is then numerically unstable and must not be read as over-confidence or as inverted probabilities,1000,fixed_oof_participant_cluster_percentile,1000,20260830,0.95,False,True,False,False,supplementary_descriptive_diagnostic
behavior_plus::movement.body_motion_energy.median.pre30s.v1,AS.behavior_plus_movement,included_missing_aware,1.16.10-probability-diagnostics-v1,61,2296,0.6903310104529616,0.702413927079738,0.6614682947502322,0.7439448544415834,49,12,0.2176571997030872,0.1963557859210828,0.2405443541350359,-0.0006680532745231,-0.0672213248569129,0.0730811701126514,0.3960669964175565,-0.1842709969837388,0.8591209400199795,0.5725516798130963,0.0792005995916883,1.152635538254453,estimable,reportable,"the participant-macro AUROC 95% interval excludes 0.5, so discrimination is established and the slope may be read against perfect calibration (slope 1, intercept 0); the slope interval must still be consulted, because weak discrimination makes the estimate imprecise",1000,fixed_oof_participant_cluster_percentile,1000,20260830,0.95,False,True,False,False,supplementary_descriptive_diagnostic
behavior_plus_modality::movement,AS.behavior_plus_movement,included_missing_aware,1.16.10-probability-diagnostics-v1,61,2296,0.6903310104529616,0.702413927079738,0.6614682947502322,0.7439448544415834,49,12,0.2176571997030872,0.1963557859210828,0.2405443541350359,-0.0006680532745231,-0.0672213248569129,0.0730811701126514,0.3960669964175565,-0.1842709969837388,0.8591209400199795,0.5725516798130963,0.0792005995916883,1.152635538254453,estimable,reportable,"the participant-macro AUROC 95% interval excludes 0.5, so discrimination is established and the slope may be read against perfect calibration (slope 1, intercept 0); the slope interval must still be consulted, because weak discrimination makes the estimate imprecise",1000,fixed_oof_participant_cluster_percentile,1000,20260830,0.95,False,True,False,False,supplementary_descriptive_diagnostic
behavior_reference,AS.behavior_plus_movement,included_missing_aware,1.16.10-probability-diagnostics-v1,61,2296,0.6903310104529616,0.7053984160582337,0.6646836903072296,0.7440922644672948,49,12,0.2161690183670586,0.1949076820260298,0.2386114596337923,-0.0009499424751819,-0.0670710401359954,0.0716962473583105,0.3535312039090624,-0.2292340370860467,0.816231255432527,0.634546245962486,0.1378853704876194,1.2267101318219311,estimable,reportable,"the participant-macro AUROC 95% interval excludes 0.5, so discrimination is established and the slope may be read against perfect calibration (slope 1, intercept 0); the slope interval must still be consulted, because weak discrimination makes the estimate imprecise",1000,fixed_oof_participant_cluster_percentile,1000,20260830,0.95,False,True,False,False,supplementary_descriptive_diagnostic
modality::movement,AS.behavior_plus_movement,included_missing_aware,1.16.10-probability-diagnostics-v1,61,2296,0.6903310104529616,0.4569459635433778,0.40080336996726,0.5079273855437394,49,12,0.2266554716206717,0.2051127960839951,0.249818537781177,0.000272501786204,-0.0648958184379436,0.0713367656273208,9.576816299853744,7.061848598708526,12.534892164646465,-12.781929594827346,-17.249507617565808,-9.109582919683223,estimable,not_reportable_low_discrimination,the participant-macro AUROC 95% interval includes 0.5; the unpenalised calibration slope is then numerically unstable and must not be read as over-confidence or as inverted probabilities,1000,fixed_oof_participant_cluster_percentile,1000,20260830,0.95,False,True,False,False,supplementary_descriptive_diagnostic
behavior_plus::ocular.blink_rate.rgb_event_rate.pre30s.v1,AS.behavior_plus_ocular,included_missing_aware,1.16.10-probability-diagnostics-v1,60,1775,0.6890140845070423,0.7036477859020565,0.659503924889773,0.7448906839274987,48,12,0.213966096907579,0.1923417600800904,0.234981259315097,0.0005350050677231,-0.0702380414358218,0.0659838775290168,0.4338662870138181,-0.0282977507803264,0.8255050736798308,0.5057102102532799,0.1092287299601003,1.0755208183160094,estimable,reportable,"the participant-macro AUROC 95% interval excludes 0.5, so discrimination is established and the slope may be read against perfect calibration (slope 1, intercept 0); the slope interval must still be consulted, because weak discrimination makes the estimate imprecise",1000,fixed_oof_participant_cluster_percentile,1000,20260830,0.95,False,True,False,False,supplementary_descriptive_diagnostic
behavior_plus::ocular.pupil_level.rseg_hard.rgb_nir_qc.v1,AS.behavior_plus_ocular,included_missing_aware,1.16.10-probability-diagnostics-v1,60,1775,0.6890140845070423,0.6954391197505861,0.6496559583635724,0.7385117365634425,48,12,0.2146709051212582,0.1927810619047955,0.2353185833596388,0.0004128250980773,-0.0692135935723282,0.0677176571496636,0.4177720868310271,-0.0711613700389763,0.8082159773051776,0.5294819037011043,0.1479260484800284,1.0664554452894976,estimable,reportable,"the participant-macro AUROC 95% interval excludes 0.5, so discrimination is established and the slope may be read against perfect calibration (slope 1, intercept 0); the slope interval must still be consulted, because weak discrimination makes the estimate imprecise",1000,fixed_oof_participant_cluster_percentile,1000,20260830,0.95,False,True,False,False,supplementary_descriptive_diagnostic
behavior_plus::ocular.pupil_linear_trend.rseg_hard.rgb_nir_qc.v1,AS.behavior_plus_ocular,included_missing_aware,1.16.10-probability-diagnostics-v1,60,1775,0.6890140845070423,0.6991339757000218,0.6556500963823874,0.739425050590138,48,12,0.2143432380877636,0.1922545099914369,0.235072887312842,0.0004806204239499,-0.0691381391500874,0.0673556774418231,0.4345698496657646,-0.0457424084986745,0.8368990239797195,0.5030719321007939,0.100978062347688,1.1077113328977102,estimable,reportable,"the participant-macro AUROC 95% interval excludes 0.5, so discrimination is established and the slope may be read against perfect calibration (slope 1, intercept 0); the slope interval must still be consulted, because weak discrimination makes the estimate imprecise",1000,fixed_oof_participant_cluster_percentile,1000,20260830,0.95,False,True,False,False,supplementary_descriptive_diagnostic
behavior_plus::ocular.pupil_quadratic_curvature.rseg_hard.rgb_nir_qc.v1,AS.behavior_plus_ocular,included_missing_aware,1.16.10-probability-diagnostics-v1,60,1775,0.6890140845070423,0.7004634968080149,0.6564950369363008,0.7426168237416931,48,12,0.214338493647273,0.1920693061769337,0.2348335348105457,-5.788536502986386e-05,-0.0698772845670185,0.0663619015248432,0.4448423548396475,-0.0262164065490496,0.8424864994381911,0.4899377529156892,0.0919003028549583,1.0813134978142225,estimable,reportable,"the participant-macro AUROC 95% interval excludes 0.5, so discrimination is established and the slope may be read against perfect calibration (slope 1, intercept 0); the slope interval must still be consulted, because weak discrimination makes the estimate imprecise",1000,fixed_oof_participant_cluster_percentile,1000,20260830,0.95,False,True,False,False,supplementary_descriptive_diagnostic
behavior_plus::ocular.pupil_variability.rseg_hard.rgb_nir_qc.v1,AS.behavior_plus_ocular,included_missing_aware,1.16.10-probability-diagnostics-v1,60,1775,0.6890140845070423,0.7106257383189156,0.6686317848241964,0.7504435343002993,48,12,0.2118914391443835,0.1903514603547777,0.2317491756356438,0.0004273387970428,-0.069975917339493,0.0663471646047126,0.3891995445799505,-0.0664809356584875,0.794106757257485,0.5772124933474159,0.2129728052185422,1.0768821946710068,estimable,reportable,"the participant-macro AUROC 95% interval excludes 0.5, so discrimination is established and the slope may be read against perfect calibration (slope 1, intercept 0); the slope interval must still be consulted, because weak discrimination makes the estimate imprecise",1000,fixed_oof_participant_cluster_percentile,1000,20260830,0.95,False,True,False,False,supplementary_descriptive_diagnostic
behavior_plus_modality::ocular,AS.behavior_plus_ocular,included_missing_aware,1.16.10-probability-diagnostics-v1,60,1775,0.6890140845070423,0.7111104188757366,0.6692168239368872,0.7501719904108525,48,12,0.2115341285155018,0.1910840902768501,0.2319784338586333,-0.000174798146224,-0.0700829956789834,0.0646037923569698,0.4098964626144277,-0.0475909499315895,0.7948856501198905,0.5467805386168016,0.2176227542527413,1.0641690040030467,estimable,reportable,"the participant-macro AUROC 95% interval excludes 0.5, so discrimination is established and the slope may be read against perfect calibration (slope 1, intercept 0); the slope interval must still be consulted, because weak discrimination makes the estimate imprecise",1000,fixed_oof_participant_cluster_percentile,1000,20260830,0.95,False,True,False,False,supplementary_descriptive_diagnostic
behavior_reference,AS.behavior_plus_ocular,included_missing_aware,1.16.10-probability-diagnostics-v1,60,1775,0.6890140845070423,0.7000741391445944,0.6563121177373119,0.7420418348998711,48,12,0.2141560492518921,0.1920658645224665,0.2348391496668319,0.000385781056134,-0.0692684856795208,0.0673175954651968,0.4310987936605901,-0.049184171749789,0.8339171873670407,0.5082260823885029,0.1043418192546996,1.1149110161595297,estimable,reportable,"the participant-macro AUROC 95% interval excludes 0.5, so discrimination is established and the slope may be read against perfect calibration (slope 1, intercept 0); the slope interval must still be consulted, because weak discrimination makes the estimate imprecise",1000,fixed_oof_participant_cluster_percentile,1000,20260830,0.95,False,True,False,False,supplementary_descriptive_diagnostic
modality::ocular,AS.behavior_plus_ocular,included_missing_aware,1.16.10-probability-diagnostics-v1,60,1775,0.6890140845070423,0.5682910098081139,0.507958375491745,0.625727661816779,48,12,0.2252560460910377,0.2027832085517396,0.2473506032885661,-0.0004073263527423,-0.0684323303920943,0.0667716113645584,0.8180735138441735,0.3878323956663936,2.378157037828045,-0.0335451248510407,-2.180086711445901,0.4389417836705553,estimable,reportable,"the participant-macro AUROC 95% interval excludes 0.5, so discrimination is established and the slope may be read against perfect calibration (slope 1, intercept 0); the slope interval must still be consulted, because weak discrimination makes the estimate imprecise",1000,fixed_oof_participant_cluster_percentile,1000,20260830,0.95,False,True,False,False,supplementary_descriptive_diagnostic
behavior_reference,AS.behavior_reference,included_missing_aware,1.16.10-probability-diagnostics-v1,61,2316,0.6869602763385146,0.706039785552106,0.6655623022956653,0.744688174683303,49,12,0.2159538432042136,0.1946471761828955,0.2382641203963619,-0.0009614965971572,-0.0665076482413051,0.0712213749044458,0.3289680091565674,-0.2725202597917635,0.8017209255503749,0.6452463970139468,0.1568199009757196,1.2344483352881903,estimable,reportable,"the participant-macro AUROC 95% interval excludes 0.5, so discrimination is established and the slope may be read against perfect calibration (slope 1, intercept 0); the slope interval must still be consulted, because weak discrimination makes the estimate imprecise",1000,fixed_oof_participant_cluster_percentile,1000,20260830,0.95,False,True,False,False,supplementary_descriptive_diagnostic
M0,AS.device::M0,included_missing_aware,1.16.10-probability-diagnostics-v1,61,2316,0.6869602763385146,0.706039785552106,0.6655623022956653,0.744688174683303,49,12,0.2159538432042136,0.1946471761828955,0.2382641203963619,-0.0009614965971572,-0.0665076482413051,0.0712213749044458,0.3289680091565674,-0.2725202597917635,0.8017209255503749,0.6452463970139468,0.1568199009757196,1.2344483352881903,estimable,reportable,"the participant-macro AUROC 95% interval excludes 0.5, so discrimination is established and the slope may be read against perfect calibration (slope 1, intercept 0); the slope interval must still be consulted, because weak discrimination makes the estimate imprecise",1000,fixed_oof_participant_cluster_percentile,1000,20260830,0.95,False,True,False,False,supplementary_descriptive_diagnostic
M2,AS.device::M2,included_missing_aware,1.16.10-probability-diagnostics-v1,58,2198,0.6906278434940856,0.7011328074356985,0.6545404218443746,0.7464507232545393,46,12,0.2135409463073875,0.1894201290252604,0.2374501707514552,-0.0012447258210808,-0.0676435668778757,0.066882269764094,0.3257822206081429,-0.2537346257378289,0.8418504639414189,0.6082730457425501,0.1339830827662312,1.2551767396745652,estimable,reportable,"the participant-macro AUROC 95% interval excludes 0.5, so discrimination is established and the slope may be read against perfect calibration (slope 1, intercept 0); the slope interval must still be consulted, because weak discrimination makes the estimate imprecise",1000,fixed_oof_participant_cluster_percentile,1000,20260830,0.95,False,True,False,False,supplementary_descriptive_diagnostic
M3,AS.device::M3,included_missing_aware,1.16.10-probability-diagnostics-v1,60,2196,0.6894353369763205,0.7039761952695406,0.6599388708983869,0.7453260654724012,48,12,0.2160257420857664,0.1938894951524295,0.237674325587778,-0.000404347592513,-0.0704532047037266,0.0663583496380692,0.3974613161969841,-0.0941652892831151,0.831272844910211,0.5571847650242288,0.0317748111431426,1.1587698199881415,estimable,reportable,"the participant-macro AUROC 95% interval excludes 0.5, so discrimination is established and the slope may be read against perfect calibration (slope 1, intercept 0); the slope interval must still be consulted, because weak discrimination makes the estimate imprecise",1000,fixed_oof_participant_cluster_percentile,1000,20260830,0.95,False,True,False,False,supplementary_descriptive_diagnostic
M5,AS.device::M5,included_missing_aware,1.16.10-probability-diagnostics-v1,60,1775,0.6890140845070423,0.7068761575078107,0.6668401721717683,0.7466808993132088,48,12,0.2123135927289957,0.1912119749377011,0.2327243036006093,-7.201720228776446e-05,-0.0701838064850537,0.0664438709135724,0.4533354532770625,-0.0074033135802786,0.8317148016931076,0.4811616310868213,0.1024337823152222,1.0411292849596685,estimable,reportable,"the participant-macro AUROC 95% interval excludes 0.5, so discrimination is established and the slope may be read against perfect calibration (slope 1, intercept 0); the slope interval must still be consulted, because weak discrimination makes the estimate imprecise",1000,fixed_oof_participant_cluster_percentile,1000,20260830,0.95,False,True,False,False,supplementary_descriptive_diagnostic
M6,AS.device::M6,included_missing_aware,1.16.10-probability-diagnostics-v1,57,2098,0.6963775023832222,0.7029129424849746,0.6542970105818142,0.7473605642270374,45,12,0.2148361217593574,0.1894421149837595,0.2433763676755013,-0.0006025165159855,-0.0765058415398762,0.0713163836187425,0.4628218943660189,-0.0801846063378151,0.9708765971765254,0.4615585445717142,-0.0931407257418628,1.0676005038843082,estimable,reportable,"the participant-macro AUROC 95% interval excludes 0.5, so discrimination is established and the slope may be read against perfect calibration (slope 1, intercept 0); the slope interval must still be consulted, because weak discrimination makes the estimate imprecise",1000,fixed_oof_participant_cluster_percentile,1000,20260830,0.95,False,True,False,False,supplementary_descriptive_diagnostic
M7,AS.device::M7,included_missing_aware,1.16.10-probability-diagnostics-v1,57,1703,0.6905460951262478,0.7035213458949406,0.6580308123079938,0.7499783770247812,45,12,0.2139493185174732,0.1885166073426601,0.2424314762708274,-0.0002409009806849,-0.0764579208769598,0.0733005062936117,0.4390388283575167,-0.0160679382872544,0.8829385228373161,0.4727369932742827,0.0148262643960641,0.989310989330104,estimable,reportable,"the participant-macro AUROC 95% interval excludes 0.5, so discrimination is established and the slope may be read against perfect calibration (slope 1, intercept 0); the slope interval must still be consulted, because weak discrimination makes the estimate imprecise",1000,fixed_oof_participant_cluster_percentile,1000,20260830,0.95,False,True,False,False,supplementary_descriptive_diagnostic
full,AS.full,included_missing_aware,1.16.10-probability-diagnostics-v1,57,1703,0.6905460951262478,0.7035213458949406,0.6580308123079938,0.7499783770247812,45,12,0.2139493185174732,0.18851660734266013,0.24243147627082742,-0.00024090098068490367,-0.07645792087695981,0.07330050629361172,0.4390388283575166,-0.016067938287254502,0.8829385228373162,0.4727369932742828,0.014826264396064062,0.9893109893301042,estimable,reportable,"the participant-macro AUROC 95% interval excludes 0.5, so discrimination is established and the slope may be read against perfect calibration (slope 1, intercept 0); the slope interval must still be consulted, because weak discrimination makes the estimate imprecise",1000,fixed_oof_participant_cluster_percentile,1000,20260830,0.95,False,True,False,False,supplementary_descriptive_diagnostic
full_minus::behavior.go_omission.raw.v1,AS.full,included_missing_aware,1.16.10-probability-diagnostics-v1,57,1703,0.6905460951262478,0.7068478350178137,0.6610033433800787,0.7535295243542289,45,12,0.2120922770577381,0.1868913761905308,0.2393763839993841,-0.001124384722262,-0.0764138209952812,0.0715163117909775,0.3850308801733066,-0.0641160138886087,0.8280003334518491,0.5465395676700311,0.0822660667710249,1.0876156299401614,estimable,reportable,"the participant-macro AUROC 95% interval excludes 0.5, so discrimination is established and the slope may be read against perfect calibration (slope 1, intercept 0); the slope interval must still be consulted, because weak discrimination makes the estimate imprecise",1000,fixed_oof_participant_cluster_percentile,1000,20260830,0.95,False,True,False,False,supplementary_descriptive_diagnostic
full_minus::behavior.nogo_commission.raw.v1,AS.full,included_missing_aware,1.16.10-probability-diagnostics-v1,57,1703,0.6905460951262478,0.5775652227123478,0.524490975377003,0.6225049842847158,45,12,0.2253537658977222,0.1994885757226044,0.2526034217434023,4.416429122516148e-05,-0.075768992729247,0.0736250238062628,1.0951705831003544,0.5199101795575183,1.8909759259994443,-0.3878473711893292,-1.3486309731539166,0.1818797851131046,estimable,reportable,"the participant-macro AUROC 95% interval excludes 0.5, so discrimination is established and the slope may be read against perfect calibration (slope 1, intercept 0); the slope interval must still be consulted, because weak discrimination makes the estimate imprecise",1000,fixed_oof_participant_cluster_percentile,1000,20260830,0.95,False,True,False,False,supplementary_descriptive_diagnostic
full_minus::behavior.rt_level.median.v1,AS.full,included_missing_aware,1.16.10-probability-diagnostics-v1,57,1703,0.6905460951262478,0.7040115258581648,0.6601992371154436,0.7513650596711371,45,12,0.2137352345544815,0.1873971712593972,0.2420640391897134,-0.0002367304490041,-0.0761938028579694,0.0712436337937068,0.442596717398474,-0.0340869117669428,0.8713348289046686,0.4702809988404094,-0.00412755080791,1.0309239302492796,estimable,reportable,"the participant-macro AUROC 95% interval excludes 0.5, so discrimination is established and the slope may be read against perfect calibration (slope 1, intercept 0); the slope interval must still be consulted, because weak discrimination makes the estimate imprecise",1000,fixed_oof_participant_cluster_percentile,1000,20260830,0.95,False,True,False,False,supplementary_descriptive_diagnostic
full_minus::behavior.rt_trend.theilsen.v1,AS.full,included_missing_aware,1.16.10-probability-diagnostics-v1,57,1703,0.6905460951262478,0.7051820508711384,0.6590412058234407,0.7512106155320633,45,12,0.2137473691188331,0.188276498089482,0.2419760309556866,-0.000177023803646,-0.076359456609633,0.0734105225900319,0.4328761078153351,-0.0246628673878167,0.878383148418288,0.4807378433888675,0.0203304437596313,1.005317895589702,estimable,reportable,"the participant-macro AUROC 95% interval excludes 0.5, so discrimination is established and the slope may be read against perfect calibration (slope 1, intercept 0); the slope interval must still be consulted, because weak discrimination makes the estimate imprecise",1000,fixed_oof_participant_cluster_percentile,1000,20260830,0.95,False,True,False,False,supplementary_descriptive_diagnostic
full_minus::behavior.rt_variability.cv.v1,AS.full,included_missing_aware,1.16.10-probability-diagnostics-v1,57,1703,0.6905460951262478,0.7048677760335136,0.6609784758677418,0.750355138633958,45,12,0.2128833784590977,0.1879929962288972,0.240741466270198,-7.259752497979723e-05,-0.0756999033239992,0.0733094644550311,0.3947770201371404,-0.0854470036111417,0.8312757185836478,0.5290478804761062,0.0742695116978895,1.0572111271780205,estimable,reportable,"the participant-macro AUROC 95% interval excludes 0.5, so discrimination is established and the slope may be read against perfect calibration (slope 1, intercept 0); the slope interval must still be consulted, because weak discrimination makes the estimate imprecise",1000,fixed_oof_participant_cluster_percentile,1000,20260830,0.95,False,True,False,False,supplementary_descriptive_diagnostic
full_minus::cardiopulmonary.br.v1,AS.full,included_missing_aware,1.16.10-probability-diagnostics-v1,57,1703,0.6905460951262478,0.705213176369943,0.6586955257242137,0.7518269597540065,45,12,0.2132185617137365,0.1877068530368514,0.2418481485551181,0.0001886585530048,-0.0756742288752769,0.0737029837248101,0.4288818965796716,-0.0297735431752935,0.8678747872650873,0.4857061447926655,0.0371632698707699,1.0137105623292315,estimable,reportable,"the participant-macro AUROC 95% interval excludes 0.5, so discrimination is established and the slope may be read against perfect calibration (slope 1, intercept 0); the slope interval must still be consulted, because weak discrimination makes the estimate imprecise",1000,fixed_oof_participant_cluster_percentile,1000,20260830,0.95,False,True,False,False,supplementary_descriptive_diagnostic
full_minus::cardiopulmonary.hr.fused.v1,AS.full,included_missing_aware,1.16.10-probability-diagnostics-v1,57,1703,0.6905460951262478,0.7072757201749524,0.6659072659851438,0.748572825817608,45,12,0.2138706146022821,0.1885014461628855,0.24151892146648,-0.0002512929960038,-0.0758429478211252,0.073781155025919,0.4657343698879335,-0.0154157157154847,0.9314888055791316,0.4406908522469078,-0.0702929259658251,1.0223162199921008,estimable,reportable,"the participant-macro AUROC 95% interval excludes 0.5, so discrimination is established and the slope may be read against perfect calibration (slope 1, intercept 0); the slope interval must still be consulted, because weak discrimination makes the estimate imprecise",1000,fixed_oof_participant_cluster_percentile,1000,20260830,0.95,False,True,False,False,supplementary_descriptive_diagnostic
full_minus::movement.body_motion_energy.median.pre30s.v1,AS.full,included_missing_aware,1.16.10-probability-diagnostics-v1,57,1703,0.6905460951262478,0.703255508979022,0.6572795937705466,0.7500002205170231,45,12,0.21232142826624,0.1868029135603153,0.2406261555665041,-0.0002709269774592,-0.0757228028431685,0.0720083035062251,0.3836852049990205,-0.0875490794922695,0.8282730250722278,0.5482610300319276,0.1317719702651995,1.0287015080862034,estimable,reportable,"the participant-macro AUROC 95% interval excludes 0.5, so discrimination is established and the slope may be read against perfect calibration (slope 1, intercept 0); the slope interval must still be consulted, because weak discrimination makes the estimate imprecise",1000,fixed_oof_participant_cluster_percentile,1000,20260830,0.95,False,True,False,False,supplementary_descriptive_diagnostic
full_minus::ocular.blink_rate.rgb_event_rate.pre30s.v1,AS.full,included_missing_aware,1.16.10-probability-diagnostics-v1,57,1703,0.6905460951262478,0.697644077872196,0.6528820875867334,0.7432714049726223,45,12,0.2138110749083494,0.1888699619810974,0.2414948497554092,-0.000563998389076,-0.0750671997596816,0.0737324895665681,0.4259170056956211,-0.0615836805246702,0.8646527894646978,0.4905361575574931,0.0804327053844498,1.0254185830220135,estimable,reportable,"the participant-macro AUROC 95% interval excludes 0.5, so discrimination is established and the slope may be read against perfect calibration (slope 1, intercept 0); the slope interval must still be consulted, because weak discrimination makes the estimate imprecise",1000,fixed_oof_participant_cluster_percentile,1000,20260830,0.95,False,True,False,False,supplementary_descriptive_diagnostic
full_minus::ocular.pupil_level.rseg_hard.rgb_nir_qc.v1,AS.full,included_missing_aware,1.16.10-probability-diagnostics-v1,57,1703,0.6905460951262478,0.709209664826442,0.6635190165693128,0.7529844251940824,45,12,0.2136599520322889,0.1882323035940344,0.2424567399483936,-0.0001195472103811,-0.0757094809815756,0.0734193788211459,0.4253944117287521,-0.0391491510325069,0.8716110179136655,0.4940704963024752,4.9211157815113307e-05,1.0201166385817644,estimable,reportable,"the participant-macro AUROC 95% interval excludes 0.5, so discrimination is established and the slope may be read against perfect calibration (slope 1, intercept 0); the slope interval must still be consulted, because weak discrimination makes the estimate imprecise",1000,fixed_oof_participant_cluster_percentile,1000,20260830,0.95,False,True,False,False,supplementary_descriptive_diagnostic
full_minus::ocular.pupil_linear_trend.rseg_hard.rgb_nir_qc.v1,AS.full,included_missing_aware,1.16.10-probability-diagnostics-v1,57,1703,0.6905460951262478,0.7031449704565854,0.6578378510827554,0.7492553056627769,45,12,0.213816642074617,0.1883982201571218,0.2421842445651003,-0.0002679072741852,-0.0764720595410297,0.0732284811489539,0.4356850660616734,-0.0189173866561336,0.8785315062648773,0.4772911026799899,0.0185319048694341,0.99228710675276,estimable,reportable,"the participant-macro AUROC 95% interval excludes 0.5, so discrimination is established and the slope may be read against perfect calibration (slope 1, intercept 0); the slope interval must still be consulted, because weak discrimination makes the estimate imprecise",1000,fixed_oof_participant_cluster_percentile,1000,20260830,0.95,False,True,False,False,supplementary_descriptive_diagnostic
full_minus::ocular.pupil_quadratic_curvature.rseg_hard.rgb_nir_qc.v1,AS.full,included_missing_aware,1.16.10-probability-diagnostics-v1,57,1703,0.6905460951262478,0.7028607119548368,0.6572222629329042,0.7478304068080681,45,12,0.2136650474770804,0.1884348619956026,0.2418610714101687,0.000381577099449,-0.0754907514377086,0.0740941751482767,0.4122028901292895,-0.0507543181181472,0.8580945739509211,0.5059921870321976,0.0259321077663103,1.0270161500022617,estimable,reportable,"the participant-macro AUROC 95% interval excludes 0.5, so discrimination is established and the slope may be read against perfect calibration (slope 1, intercept 0); the slope interval must still be consulted, because weak discrimination makes the estimate imprecise",1000,fixed_oof_participant_cluster_percentile,1000,20260830,0.95,False,True,False,False,supplementary_descriptive_diagnostic
full_minus::ocular.pupil_variability.rseg_hard.rgb_nir_qc.v1,AS.full,included_missing_aware,1.16.10-probability-diagnostics-v1,57,1703,0.6905460951262478,0.6998713894358645,0.6551631658652999,0.7440855155797025,45,12,0.2158714751432013,0.1903346791806419,0.2447704608870115,0.0004197809680104,-0.0756929002685293,0.0733807456479071,0.4811075933899132,-0.0047806425507113,0.9118281302554676,0.4119419953128237,-0.0730708370768829,0.9650336533590534,estimable,reportable,"the participant-macro AUROC 95% interval excludes 0.5, so discrimination is established and the slope may be read against perfect calibration (slope 1, intercept 0); the slope interval must still be consulted, because weak discrimination makes the estimate imprecise",1000,fixed_oof_participant_cluster_percentile,1000,20260830,0.95,False,True,False,False,supplementary_descriptive_diagnostic
full_minus_modality::behavior,AS.full,included_missing_aware,1.16.10-probability-diagnostics-v1,57,1703,0.6905460951262478,0.5125175022355499,0.4481737191541566,0.5776288373611457,45,12,0.2246581021673552,0.197817720466952,0.2525299249564127,-0.000879142599788,-0.0740027114280443,0.0726720334257348,1.6165381161222632,0.6950829289910336,3.455617210522702,-1.079543522789914,-3.435841408831741,0.1803183906559226,estimable,not_reportable_low_discrimination,the participant-macro AUROC 95% interval includes 0.5; the unpenalised calibration slope is then numerically unstable and must not be read as over-confidence or as inverted probabilities,1000,fixed_oof_participant_cluster_percentile,1000,20260830,0.95,False,True,False,False,supplementary_descriptive_diagnostic
full_minus_modality::cardiopulmonary,AS.full,included_missing_aware,1.16.10-probability-diagnostics-v1,57,1703,0.6905460951262478,0.7069265360807264,0.6664756014847868,0.7477193710462908,45,12,0.2131336830486357,0.1877096957027147,0.2406586352669934,0.0001915504046295,-0.0752034548677583,0.0740199744764855,0.4574457149115138,-0.0288688356849954,0.9204470218029314,0.4512103293834668,-0.0473545185875137,1.0389580191860788,estimable,reportable,"the participant-macro AUROC 95% interval excludes 0.5, so discrimination is established and the slope may be read against perfect calibration (slope 1, intercept 0); the slope interval must still be consulted, because weak discrimination makes the estimate imprecise",1000,fixed_oof_participant_cluster_percentile,1000,20260830,0.95,False,True,False,False,supplementary_descriptive_diagnostic
full_minus_modality::movement,AS.full,included_missing_aware,1.16.10-probability-diagnostics-v1,57,1703,0.6905460951262478,0.703255508979022,0.6572795937705466,0.7500002205170231,45,12,0.21232142826624,0.1868029135603153,0.2406261555665041,-0.0002709269774592,-0.0757228028431685,0.0720083035062251,0.3836852049990205,-0.0875490794922695,0.8282730250722278,0.5482610300319276,0.1317719702651995,1.0287015080862034,estimable,reportable,"the participant-macro AUROC 95% interval excludes 0.5, so discrimination is established and the slope may be read against perfect calibration (slope 1, intercept 0); the slope interval must still be consulted, because weak discrimination makes the estimate imprecise",1000,fixed_oof_participant_cluster_percentile,1000,20260830,0.95,False,True,False,False,supplementary_descriptive_diagnostic
full_minus_modality::ocular,AS.full,included_missing_aware,1.16.10-probability-diagnostics-v1,57,1703,0.6905460951262478,0.6944341849157798,0.6481047175926525,0.7403683539130835,45,12,0.2142346542923127,0.1894184396022556,0.2427428024297173,-8.558113144610475e-05,-0.0753446834477124,0.0731413752150402,0.4170241953804283,-0.0875867836885399,0.8712746788009562,0.4969257489935175,0.0133874823634568,1.093044794925431,estimable,reportable,"the participant-macro AUROC 95% interval excludes 0.5, so discrimination is established and the slope may be read against perfect calibration (slope 1, intercept 0); the slope interval must still be consulted, because weak discrimination makes the estimate imprecise",1000,fixed_oof_participant_cluster_percentile,1000,20260830,0.95,False,True,False,False,supplementary_descriptive_diagnostic
sensor_only_joint,AS.sensor_only_joint,included_missing_aware,1.16.10-probability-diagnostics-v1,57,1705,0.6909090909090909,0.5119016637887156,0.4475159718940557,0.5773594420358353,45,12,0.22463203546315744,0.19773788316281743,0.2525413217909053,-0.000872904014464374,-0.07410876955965891,0.07281011392620429,1.6341120089717194,0.7040627187712959,3.4931291248306158,-1.0997037055636447,-3.4662291480445897,0.1796167512739526,estimable,not_reportable_low_discrimination,the participant-macro AUROC 95% interval includes 0.5; the unpenalised calibration slope is then numerically unstable and must not be read as over-confidence or as inverted probabilities,1000,fixed_oof_participant_cluster_percentile,1000,20260830,0.95,False,True,False,False,supplementary_descriptive_diagnostic
standalone::behavior.go_omission.raw.v1,AS.standalone::behavior.go_omission.raw.v1,included_missing_aware,1.16.10-probability-diagnostics-v1,61,2320,0.6870689655172414,0.5466066646183748,0.5200778946331952,0.57548924223729,49,12,0.225414220247272,0.2039252165596648,0.2487892406360921,-0.0001959512312867,-0.0657516317537319,0.0703663075062531,4.753866360306216,2.0040281601683088,16.674991678160342,-5.721875617739816,-22.498073764960743,-1.703098280966213,estimable,reportable,"the participant-macro AUROC 95% interval excludes 0.5, so discrimination is established and the slope may be read against perfect calibration (slope 1, intercept 0); the slope interval must still be consulted, because weak discrimination makes the estimate imprecise",1000,fixed_oof_participant_cluster_percentile,1000,20260830,0.95,False,True,False,False,supplementary_descriptive_diagnostic
standalone::behavior.nogo_commission.raw.v1,AS.standalone::behavior.nogo_commission.raw.v1,included_missing_aware,1.16.10-probability-diagnostics-v1,61,2320,0.6870689655172414,0.7038721458383868,0.6638923040995578,0.7433995540179068,49,12,0.2114507100981126,0.1908370723088744,0.2323329314162698,-0.0003782800606888,-0.0648187377557027,0.0706707249247786,0.1969880132950616,-0.3403441629194501,0.6263195065468713,0.8214081512094464,0.4315338708100182,1.2745375944871145,estimable,reportable,"the participant-macro AUROC 95% interval excludes 0.5, so discrimination is established and the slope may be read against perfect calibration (slope 1, intercept 0); the slope interval must still be consulted, because weak discrimination makes the estimate imprecise",1000,fixed_oof_participant_cluster_percentile,1000,20260830,0.95,False,True,False,False,supplementary_descriptive_diagnostic
standalone::behavior.rt_level.median.v1,AS.standalone::behavior.rt_level.median.v1,included_missing_aware,1.16.10-probability-diagnostics-v1,61,2318,0.6872303710094909,0.5738719470965673,0.5226342119763605,0.6229660383420627,49,12,0.225696115644212,0.2042665801610428,0.2490981847863123,0.0007648289088487,-0.0636258106176127,0.0709055457095542,2.516870639379437,1.042803241092033,5.814055204868953,-2.475145549118281,-7.1155983412750965,-0.4607068184761806,estimable,reportable,"the participant-macro AUROC 95% interval excludes 0.5, so discrimination is established and the slope may be read against perfect calibration (slope 1, intercept 0); the slope interval must still be consulted, because weak discrimination makes the estimate imprecise",1000,fixed_oof_participant_cluster_percentile,1000,20260830,0.95,False,True,False,False,supplementary_descriptive_diagnostic
standalone::behavior.rt_trend.theilsen.v1,AS.standalone::behavior.rt_trend.theilsen.v1,included_missing_aware,1.16.10-probability-diagnostics-v1,61,2316,0.6869602763385146,0.5285280410649796,0.4952537868618515,0.5622924230981244,49,12,0.2251212136854956,0.2035223775281224,0.2483494071637048,-4.546591934890347e-05,-0.0651217337815234,0.069981696031109,12.932360381871105,4.701200169629974,22.80760340310645,-17.61710572989111,-31.999730278727338,-5.693072660000032,estimable,not_reportable_low_discrimination,the participant-macro AUROC 95% interval includes 0.5; the unpenalised calibration slope is then numerically unstable and must not be read as over-confidence or as inverted probabilities,1000,fixed_oof_participant_cluster_percentile,1000,20260830,0.95,False,True,False,False,supplementary_descriptive_diagnostic
standalone::behavior.rt_variability.cv.v1,AS.standalone::behavior.rt_variability.cv.v1,included_missing_aware,1.16.10-probability-diagnostics-v1,61,2318,0.6872303710094909,0.5516822075585721,0.5045962226425197,0.5957921432849839,49,12,0.22547150558112,0.2040841052043682,0.2486858646107591,-0.0005332504862451,-0.0662166882802236,0.0695921464660134,3.1276016364248003,1.3355639524656349,6.728956104930987,-3.400713479242841,-8.32510998881269,-0.8829252222439573,estimable,reportable,"the participant-macro AUROC 95% interval excludes 0.5, so discrimination is established and the slope may be read against perfect calibration (slope 1, intercept 0); the slope interval must still be consulted, because weak discrimination makes the estimate imprecise",1000,fixed_oof_participant_cluster_percentile,1000,20260830,0.95,False,True,False,False,supplementary_descriptive_diagnostic
standalone::cardiopulmonary.br.v1,AS.standalone::cardiopulmonary.br.v1,included_missing_aware,1.16.10-probability-diagnostics-v1,58,2200,0.6909090909090909,0.5142613922300204,0.468620141309613,0.556721451771142,46,12,0.22098070255102975,0.1976956358226487,0.2445989002061633,-0.0005563847729474874,-0.06715793813190363,0.06635007731397664,33.51517539486465,26.64004152626064,41.07450049054072,-43.34010245984316,-53.2659982725015,-34.34972826020286,estimable,not_reportable_low_discrimination,the participant-macro AUROC 95% interval includes 0.5; the unpenalised calibration slope is then numerically unstable and must not be read as over-confidence or as inverted probabilities,1000,fixed_oof_participant_cluster_percentile,1000,20260830,0.95,False,True,False,False,supplementary_descriptive_diagnostic
standalone::cardiopulmonary.hr.fused.v1,AS.standalone::cardiopulmonary.hr.fused.v1,included_missing_aware,1.16.10-probability-diagnostics-v1,58,2200,0.6909090909090909,0.48068669645859474,0.4311547936631989,0.5346323775484634,46,12,0.22030633216942197,0.19589110913174212,0.24455184807306402,-0.00017608218703918184,-0.06522895239492996,0.06573056836676712,1.873955608894463,0.6814817756522495,3.2058640289803253,-1.4002381501283314,-3.089670291383668,0.23159091021937517,estimable,not_reportable_low_discrimination,the participant-macro AUROC 95% interval includes 0.5; the unpenalised calibration slope is then numerically unstable and must not be read as over-confidence or as inverted probabilities,1000,fixed_oof_participant_cluster_percentile,1000,20260830,0.95,False,True,False,False,supplementary_descriptive_diagnostic
standalone::movement.body_motion_energy.median.pre30s.v1,AS.standalone::movement.body_motion_energy.median.pre30s.v1,included_missing_aware,1.16.10-probability-diagnostics-v1,61,2300,0.6904347826086956,0.4585809016741909,0.4033956712419858,0.5103058234363425,49,12,0.2264883863034766,0.204884246598916,0.2497478570210735,0.0002730329979753,-0.0651247024538062,0.0711091483240398,9.775926619237415,7.207840155055268,12.804219880258245,-13.030033505308102,-17.602254498047508,-9.333590315068571,estimable,not_reportable_low_discrimination,the participant-macro AUROC 95% interval includes 0.5; the unpenalised calibration slope is then numerically unstable and must not be read as over-confidence or as inverted probabilities,1000,fixed_oof_participant_cluster_percentile,1000,20260830,0.95,False,True,False,False,supplementary_descriptive_diagnostic
standalone::ocular.blink_rate.rgb_event_rate.pre30s.v1,AS.standalone::ocular.blink_rate.rgb_event_rate.pre30s.v1,included_missing_aware,1.16.10-probability-diagnostics-v1,60,2200,0.6895454545454546,0.5663838210856633,0.5251364008581987,0.6095582586628223,48,12,0.2238369472176893,0.2001659127380924,0.2460854216874012,0.0004889094221075,-0.0686975312989824,0.0649263838915782,1.5188757701146145,-0.0647072145132849,3.690697009642403,-1.0256149622511117,-4.068512206726023,1.2628813826253014,estimable,reportable,"the participant-macro AUROC 95% interval excludes 0.5, so discrimination is established and the slope may be read against perfect calibration (slope 1, intercept 0); the slope interval must still be consulted, because weak discrimination makes the estimate imprecise",1000,fixed_oof_participant_cluster_percentile,1000,20260830,0.95,False,True,False,False,supplementary_descriptive_diagnostic
standalone::ocular.pupil_level.rseg_hard.rgb_nir_qc.v1,AS.standalone::ocular.pupil_level.rseg_hard.rgb_nir_qc.v1,included_missing_aware,1.16.10-probability-diagnostics-v1,61,1936,0.6849173553719008,0.5157328217200218,0.4619256209490545,0.5760461470634465,49,12,0.2282891902723492,0.2075198863033609,0.2519952032319244,0.0006501070732396,-0.0652767692528784,0.0754498276792769,29.782439265105065,13.73487418391137,46.30440588886433,-43.9308763451897,-68.98948018048405,-19.460554467403817,estimable,not_reportable_low_discrimination,the participant-macro AUROC 95% interval includes 0.5; the unpenalised calibration slope is then numerically unstable and must not be read as over-confidence or as inverted probabilities,1000,fixed_oof_participant_cluster_percentile,1000,20260830,0.95,False,True,False,False,supplementary_descriptive_diagnostic
standalone::ocular.pupil_linear_trend.rseg_hard.rgb_nir_qc.v1,AS.standalone::ocular.pupil_linear_trend.rseg_hard.rgb_nir_qc.v1,included_missing_aware,1.16.10-probability-diagnostics-v1,61,1857,0.6865912762520194,0.501951326959597,0.4555810556405527,0.5481285329550923,49,12,0.2269768651277249,0.2060631491493372,0.2504540955217749,0.0001054279687427,-0.0652242215630022,0.0725591549926063,21.753122586360707,7.102169826078842,36.74921221024959,-31.39531589506037,-53.731633740049055,-9.615645648457818,estimable,not_reportable_low_discrimination,the participant-macro AUROC 95% interval includes 0.5; the unpenalised calibration slope is then numerically unstable and must not be read as over-confidence or as inverted probabilities,1000,fixed_oof_participant_cluster_percentile,1000,20260830,0.95,False,True,False,False,supplementary_descriptive_diagnostic
standalone::ocular.pupil_quadratic_curvature.rseg_hard.rgb_nir_qc.v1,AS.standalone::ocular.pupil_quadratic_curvature.rseg_hard.rgb_nir_qc.v1,included_missing_aware,1.16.10-probability-diagnostics-v1,61,1855,0.6862533692722372,0.4850285854668933,0.4468892105613934,0.5234730686123648,49,12,0.2272998569730313,0.2065720240155113,0.25085348354178,-0.0005042411599296,-0.0660613745526993,0.0718436269359292,28.16262092829765,3.4120305070272825,51.70503862709802,-41.0413995112566,-76.1483377378161,-3.973466067540048,estimable,not_reportable_low_discrimination,the participant-macro AUROC 95% interval includes 0.5; the unpenalised calibration slope is then numerically unstable and must not be read as over-confidence or as inverted probabilities,1000,fixed_oof_participant_cluster_percentile,1000,20260830,0.95,False,True,False,False,supplementary_descriptive_diagnostic
standalone::ocular.pupil_variability.rseg_hard.rgb_nir_qc.v1,AS.standalone::ocular.pupil_variability.rseg_hard.rgb_nir_qc.v1,included_missing_aware,1.16.10-probability-diagnostics-v1,61,1936,0.6849173553719008,0.5924983104044667,0.5480817086090882,0.644096730762607,49,12,0.2268103356719601,0.2060157158721002,0.2499225246172126,-0.0002540296432523,-0.067732254453908,0.0728161053143506,1.054594090585676,0.219792848300178,5.581647548232505,-0.428799282959484,-7.229871543865305,0.7097262392741408,estimable,reportable,"the participant-macro AUROC 95% interval excludes 0.5, so discrimination is established and the slope may be read against perfect calibration (slope 1, intercept 0); the slope interval must still be consulted, because weak discrimination makes the estimate imprecise",1000,fixed_oof_participant_cluster_percentile,1000,20260830,0.95,False,True,False,False,supplementary_descriptive_diagnostic
