analysis_set_id,model_id,target,n_probes,n_participants,n_sessions,positive_probes,positive_fraction,n_two_class_participants,loss,loss_ci_low,loss_ci_high,baseline_loss,baseline_loss_ci_low,baseline_loss_ci_high,improvement,improvement_ci_low,improvement_ci_high,brier,brier_ci_low,brier_ci_high,auroc,auroc_ci_low,auroc_ci_high,balanced_accuracy,balanced_accuracy_ci_low,balanced_accuracy_ci_high,positive_recall,positive_recall_ci_low,positive_recall_ci_high,negative_recall,negative_recall_ci_low,negative_recall_ci_high,relative_loss_reduction
AS.behavior_reference,behavior_reference,1_vs_234,2316,61,116,1591,0.6869602763385146,49,0.6237334205332632,0.576768764212538,0.6733113639871758,0.6438136768168266,0.5932680767232231,0.6984788216471016,0.0200802562835634,-0.0079111565127207,0.0443067683789445,0.2159538432042136,0.1946471761828955,0.2382641203963619,0.706039785552106,0.6655623022956653,0.744688174683303,0.5749205521483091,0.5459806208588347,0.608536873529319,0.9236682230985738,0.8884258073861265,0.9543057642611502,0.2246090811590636,0.1668996184172693,0.29522235523289,0.0311895459923205
AS.sensor_only_joint,sensor_only_joint,1_vs_234,1705,57,98,1178,0.6909090909090909,45,0.6440637577210162,0.5871861459704223,0.7032562875603156,0.6348030118172029,0.5762950860515555,0.6939591080416491,-0.0092607459038133,-0.0187178057105416,-0.0003575401261372,0.2246320354631574,0.1977378831628174,0.2525413217909053,0.5119016637887156,0.4475159718940556,0.5773594420358353,0.5016666666666667,0.5,0.505,0.9977564102564104,0.9937271062271062,1.0,0.0054347826086956,0.0,0.0163043478260869,-0.0145883773886064
AS.behavior_plus_ocular,behavior_reference,1_vs_234,1775,60,103,1223,0.6890140845070423,48,0.6236048429816435,0.5721190906931413,0.6685584381577372,0.6446346428809611,0.5899995758530089,0.6964971751183286,0.0210297998993172,-0.0097950251150992,0.0501850848918296,0.2141560492518921,0.1920658645224665,0.2348391496668319,0.7000741391445944,0.6563121177373119,0.7420418348998711,0.5729965399056723,0.5406035422390947,0.6056489943639447,0.9293869564835529,0.8931223702711716,0.9579886149224044,0.224324486667741,0.1566128231655812,0.299370007447125,0.0326228199671866
AS.behavior_plus_ocular,behavior_plus::ocular.pupil_level.rseg_hard.rgb_nir_qc.v1,1_vs_234,1775,60,103,1223,0.6890140845070423,48,0.621969273888872,0.5728051621787816,0.6668941969223937,0.6446346428809611,0.5899995758530089,0.6964971751183286,0.0226653689920891,-0.0027578496973845,0.0481314589158273,0.2146709051212582,0.1927810619047955,0.2353185833596388,0.6954391197505861,0.6496559583635724,0.7385117365634425,0.5722524922866248,0.5398439229030996,0.6049087598661905,0.9293869564835529,0.8931223702711716,0.9579886149224044,0.2228667607202191,0.1551390444052903,0.2978985093863913,0.0351600231889407
AS.behavior_plus_ocular,behavior_plus::ocular.pupil_variability.rseg_hard.rgb_nir_qc.v1,1_vs_234,1775,60,103,1223,0.6890140845070423,48,0.6172387870463472,0.5687259082835482,0.6612314827966985,0.6446346428809611,0.5899995758530089,0.6964971751183286,0.0273958558346136,-0.000553307983404,0.0565355691823351,0.2118914391443835,0.1903514603547777,0.2317491756356438,0.7106257383189156,0.6686317848241964,0.7504435343002993,0.5842768755951107,0.5514281296442333,0.6158724928002299,0.9261507882181278,0.8926305169976607,0.9537709394085816,0.2514045494620895,0.1813244964270056,0.3277385456812897,0.0424982680300546
AS.behavior_plus_ocular,behavior_plus::ocular.pupil_linear_trend.rseg_hard.rgb_nir_qc.v1,1_vs_234,1775,60,103,1223,0.6890140845070423,48,0.6240980251392373,0.5725043786967289,0.6690824977094199,0.6446346428809611,0.5899995758530089,0.6964971751183286,0.0205366177417236,-0.0103838204079631,0.0496862988638751,0.2143432380877636,0.1922545099914369,0.235072887312842,0.6991339757000218,0.6556500963823874,0.739425050590138,0.5729965399056723,0.5406035422390947,0.6056489943639447,0.9293869564835529,0.8931223702711716,0.9579886149224044,0.224324486667741,0.1566128231655812,0.299370007447125,0.0318577631042952
AS.behavior_plus_ocular,behavior_plus::ocular.pupil_quadratic_curvature.rseg_hard.rgb_nir_qc.v1,1_vs_234,1775,60,103,1223,0.6890140845070423,48,0.624596891186267,0.5727579237020797,0.6699159613455419,0.6446346428809611,0.5899995758530089,0.6964971751183286,0.0200377516946938,-0.0121984160082023,0.0493201283483562,0.214338493647273,0.1920693061769337,0.2348335348105457,0.7004634968080149,0.6564950369363008,0.7426168237416931,0.5717812621278946,0.5400827082813052,0.6037119078839824,0.9274095553536094,0.8917147908434144,0.9570887782126132,0.224324486667741,0.1576348997305536,0.2976693271750162,0.0310838890152448
AS.behavior_plus_ocular,behavior_plus::ocular.blink_rate.rgb_event_rate.pre30s.v1,1_vs_234,1775,60,103,1223,0.6890140845070423,48,0.6223183920942502,0.5712278328951038,0.6680465814684522,0.6446346428809611,0.5899995758530089,0.6964971751183286,0.0223162507867107,-0.0063302461444971,0.048882579197066,0.213966096907579,0.1923417600800904,0.234981259315097,0.7036477859020565,0.659503924889773,0.7448906839274987,0.5776237570328895,0.543051442352364,0.6110693260772788,0.9249761166371592,0.8896612722456576,0.9541552246306084,0.2361856413860385,0.1651326393610649,0.3127621381359782,0.034618447880766
AS.behavior_plus_ocular,modality::ocular,1_vs_234,1775,60,103,1223,0.6890140845070423,48,0.6456336993816053,0.598279763595334,0.6925329721992033,0.6446346428809611,0.5899995758530089,0.6964971751183286,-0.0009990565006442,-0.0149202777543828,0.011130462665939,0.2252560460910378,0.2027832085517395,0.2473506032885661,0.5682910098081139,0.507958375491745,0.625727661816779,0.505530753968254,0.5,0.5143601190476191,0.9967579313342024,0.9920110821382008,1.0,0.0128765792031098,0.0,0.0342565597667638,-0.0015498026854084
AS.behavior_plus_ocular,behavior_plus_modality::ocular,1_vs_234,1775,60,103,1223,0.6890140845070423,48,0.6160203086440047,0.5695068687882846,0.6609690900495249,0.6446346428809611,0.5899995758530089,0.6964971751183286,0.0286143342369562,0.0027078527979619,0.0547824663354705,0.2115341285155017,0.1910840902768501,0.2319784338586333,0.7111104188757366,0.6692168239368872,0.7501719904108525,0.5786045818686745,0.5441656140292126,0.6119544637361034,0.9216203781437682,0.8855928027286415,0.950259229597088,0.2398459286545365,0.1747463150437103,0.313228193546712,0.044388452517964
AS.behavior_plus_movement,behavior_reference,1_vs_234,2296,61,115,1585,0.6903310104529616,49,0.6242492983866206,0.5769065089132354,0.6751906725864444,0.6447034099353312,0.5929924062804043,0.7005127352884069,0.0204541115487106,-0.0078104825219406,0.0454995868306301,0.2161690183670587,0.1949076820260298,0.2386114596337923,0.7053984160582337,0.6646836903072296,0.7440922644672948,0.574366178167969,0.5448720250127255,0.6083311781545669,0.9225693219996728,0.8871984909134606,0.9532676101645656,0.2248411894762783,0.1674633488594928,0.2953146329853836,0.0317263895824008
AS.behavior_plus_movement,behavior_plus::movement.body_motion_energy.median.pre30s.v1,1_vs_234,2296,61,115,1585,0.6903310104529616,49,0.6276139317587902,0.580582382422995,0.6798711256229822,0.6447034099353312,0.5929924062804043,0.7005127352884069,0.0170894781765411,-0.0106675185767639,0.041746269446667,0.2176571997030872,0.1963557859210827,0.2405443541350359,0.702413927079738,0.6614682947502322,0.7439448544415834,0.5704712069260589,0.5413473906733066,0.6047434849977215,0.9229396923700433,0.8877092330185158,0.9532676101645656,0.2167626013976903,0.1608307708479391,0.2854509800628388,0.026507503936198
AS.behavior_plus_movement,modality::movement,1_vs_234,2296,61,115,1585,0.6903310104529616,49,0.6464554422283385,0.6015407070455155,0.6949690403896801,0.6447034099353312,0.5929924062804043,0.7005127352884069,-0.0017520322930072,-0.0096919909446183,0.0068241774930651,0.2266554716206717,0.2051127960839951,0.2498185377811771,0.4569459635433778,0.40080336996726,0.5079273855437394,0.5,0.5,0.5,1.0,1.0,1.0,0.0,0.0,0.0,-0.002717578759484
AS.behavior_plus_movement,behavior_plus_modality::movement,1_vs_234,2296,61,115,1585,0.6903310104529616,49,0.6276139317587902,0.580582382422995,0.6798711256229822,0.6447034099353312,0.5929924062804043,0.7005127352884069,0.0170894781765411,-0.0106675185767639,0.041746269446667,0.2176571997030872,0.1963557859210827,0.2405443541350359,0.702413927079738,0.6614682947502322,0.7439448544415834,0.5704712069260589,0.5413473906733066,0.6047434849977215,0.9229396923700433,0.8877092330185158,0.9532676101645656,0.2167626013976903,0.1608307708479391,0.2854509800628388,0.026507503936198
AS.behavior_plus_cardiopulmonary,behavior_reference,1_vs_234,2198,58,110,1518,0.6906278434940856,46,0.6189738749195081,0.5647685034880837,0.674787635002538,0.6336980082010737,0.5813499228066995,0.6865047847920778,0.0147241332815655,-0.0135987430389082,0.04006006720775,0.2130444378930523,0.1889441726590766,0.2371842292996709,0.7103950611793671,0.6653333674269182,0.7506034728516024,0.5712639675983173,0.5397686384892735,0.60391469512624,0.928278863817544,0.8945358586285507,0.9543253854208038,0.2076820520874862,0.1468892112195514,0.2866265766461323,0.0232352525824785
AS.behavior_plus_cardiopulmonary,behavior_plus::cardiopulmonary.hr.fused.v1,1_vs_234,2198,58,110,1518,0.6906278434940856,46,0.6167959160749362,0.5629901532759419,0.670295610134421,0.6336980082010737,0.5813499228066995,0.6865047847920778,0.0169020921261373,-0.0079142811405071,0.0396246286281544,0.2128264546385638,0.1883059999969139,0.236797860821158,0.7052666427773381,0.6578647347549091,0.751349815483329,0.5504495464239194,0.5211550257225905,0.5813995121767258,0.9349987099772864,0.9034743157166412,0.9596428349941032,0.159321244020466,0.1036547543006519,0.229692001971429,0.026672155991335
AS.behavior_plus_cardiopulmonary,behavior_plus::cardiopulmonary.br.v1,1_vs_234,2198,58,110,1518,0.6906278434940856,46,0.6206336964517297,0.5659274773209648,0.6759415376833221,0.6336980082010737,0.5813499228066995,0.6865047847920778,0.0130643117493439,-0.0152474789272192,0.037916966942886,0.213759258713395,0.1896202114561361,0.2380358309489445,0.7088421122668301,0.6632962296697611,0.751502017725165,0.5612671004640962,0.5310632794036035,0.5953350383071702,0.9251460317373434,0.8902917053833088,0.95310836015071,0.1919131085177646,0.1309574870863145,0.2700505925788964,0.0206159899199156
AS.behavior_plus_cardiopulmonary,modality::cardiopulmonary,1_vs_234,2198,58,110,1518,0.6906278434940856,46,0.6346959768390593,0.5843363692901494,0.6853317298590855,0.6336980082010737,0.5813499228066995,0.6865047847920778,-0.0009979686379855,-0.0071174980581342,0.0050684932792696,0.2210126736119954,0.1971749280615433,0.2451033975034309,0.4691034636416881,0.4158817027944077,0.5239801243766004,0.5,0.5,0.5,1.0,1.0,1.0,0.0,0.0,0.0,-0.0015748331619639
AS.behavior_plus_cardiopulmonary,behavior_plus_modality::cardiopulmonary,1_vs_234,2198,58,110,1518,0.6906278434940856,46,0.6184776241353978,0.5653605883951479,0.6719494808524713,0.6336980082010737,0.5813499228066995,0.6865047847920778,0.015220384065676,-0.0099568058356345,0.0381976085836893,0.2135409463073875,0.1894201290252604,0.2374501707514552,0.7011328074356985,0.6545404218443746,0.7464507232545393,0.5482772018602704,0.5207886449194314,0.5790861731840943,0.9374796598266576,0.9060461271896206,0.9627641625985952,0.1520601835679162,0.0957902996893793,0.2211553783096336,0.0240183555395467
AS.full,full,1_vs_234,1703,57,98,1176,0.6905460951262478,45,0.6207027136375438,0.5638666852037192,0.6843962404198751,0.6348922787416053,0.5766165077038191,0.6939375073577689,0.0141895651040615,-0.010094785037458,0.0352741563229267,0.2139493185174731,0.1885166073426601,0.2424314762708274,0.7035213458949406,0.6580308123079938,0.7499783770247812,0.559856397029371,0.5270473732023514,0.5933235001310383,0.9415286832685804,0.9131622402560964,0.9665634161039226,0.1755216587659645,0.1094761413103804,0.2487936693688615,0.0223495631923357
AS.full,full_minus::behavior.rt_level.median.v1,1_vs_234,1703,57,98,1176,0.6905460951262478,45,0.6202863849823869,0.5620194408550027,0.6841480734910149,0.6348922787416053,0.5766165077038191,0.6939375073577689,0.0146058937592184,-0.0091125617886127,0.0344699364431339,0.2137352345544815,0.1873971712593972,0.2420640391897134,0.7040115258581648,0.6601992371154435,0.7513650596711371,0.5536174744990087,0.5239854378569817,0.5845329010230528,0.9402504592130008,0.908561736958988,0.9676401635991638,0.1659581265785698,0.1032584652073619,0.2347721129013119,0.0230053101105091
AS.full,full_minus::behavior.rt_variability.cv.v1,1_vs_234,1703,57,98,1176,0.6905460951262478,45,0.6179488677446208,0.5627555716185972,0.6803410838225167,0.6348922787416053,0.5766165077038191,0.6939375073577689,0.0169434109969846,-0.0050137391351679,0.0371350988644979,0.2128833784590977,0.1879929962288972,0.240741466270198,0.7048677760335136,0.6609784758677418,0.750355138633958,0.5569430614416169,0.5264361804378833,0.5876848800015544,0.9427889309573996,0.9150385597080044,0.9668087944349456,0.1699596805801238,0.1081750909035663,0.2362735618849749,0.0266870641907434
AS.full,full_minus::behavior.rt_trend.theilsen.v1,1_vs_234,1703,57,98,1176,0.6905460951262478,45,0.620259678492479,0.5634067646221546,0.6840406585016086,0.6348922787416053,0.5766165077038191,0.6939375073577689,0.0146326002491262,-0.0096176472321461,0.035434679074658,0.2137473691188331,0.188276498089482,0.2419760309556866,0.7051820508711384,0.6590412058234407,0.7512106155320633,0.5603854975584716,0.5278102971706079,0.5947301044328064,0.9423790234046348,0.914918789185313,0.966748695128601,0.1755216587659645,0.1094761413103804,0.2487936693688615,0.0230473747107603
AS.full,full_minus::behavior.go_omission.raw.v1,1_vs_234,1703,57,98,1176,0.6905460951262478,45,0.6163673856053892,0.5603069919970741,0.6762777809441152,0.6348922787416053,0.5766165077038191,0.6939375073577689,0.0185248931362162,-0.0032615007683856,0.0382195879806968,0.2120922770577381,0.1868913761905308,0.2393763839993841,0.7068478350178137,0.6610033433800787,0.7535295243542289,0.5613139137705757,0.5325329075060166,0.5910983156612367,0.9474200025622554,0.9226802003721878,0.9696459239325326,0.1735563535397897,0.1159986356372342,0.2376572570423932,0.0291780098081105
AS.full,full_minus::behavior.nogo_commission.raw.v1,1_vs_234,1703,57,98,1176,0.6905460951262478,45,0.6449759497183465,0.5906132729441428,0.7026642448267373,0.6348922787416053,0.5766165077038191,0.6939375073577689,-0.0100836709767411,-0.0240443590061808,0.0014865268036339,0.2253537658977222,0.1994885757226043,0.2526034217434023,0.5775652227123478,0.524490975377003,0.6225049842847158,0.5027513227513227,0.4964285714285714,0.509771164021164,0.9875376111983254,0.9753511741234956,0.9970913052721088,0.0163043478260869,0.0,0.0416666666666666,-0.0158824911160167
AS.full,full_minus::ocular.pupil_level.rseg_hard.rgb_nir_qc.v1,1_vs_234,1703,57,98,1176,0.6905460951262478,45,0.619959088918193,0.5634053768803269,0.6847587945332632,0.6348922787416053,0.5766165077038191,0.6939375073577689,0.0149331898234124,-0.0096939430804444,0.0359075177589853,0.2136599520322888,0.1882323035940344,0.2424567399483936,0.709209664826442,0.6635190165693128,0.7529844251940824,0.5597186226178952,0.5274133737537995,0.5944572281245087,0.9401475371244674,0.9127178237511776,0.9650199789149018,0.176933495440693,0.1103213474866626,0.2511112812943477,0.0235208244349907
AS.full,full_minus::ocular.pupil_variability.rseg_hard.rgb_nir_qc.v1,1_vs_234,1703,57,98,1176,0.6905460951262478,45,0.6250770489853557,0.5671267711707335,0.6900679693895678,0.6348922787416053,0.5766165077038191,0.6939375073577689,0.0098152297562497,-0.0134888553923281,0.0312264119007079,0.2158714751432013,0.1903346791806419,0.2447704608870115,0.6998713894358645,0.6551631658652999,0.7440855155797025,0.5482097196586296,0.5133778244308995,0.5839917618816153,0.9320120902918017,0.8986533447627582,0.962314589760285,0.1668100524304957,0.0974626708021518,0.2454658651032164,0.015459677310463
AS.full,full_minus::ocular.pupil_linear_trend.rseg_hard.rgb_nir_qc.v1,1_vs_234,1703,57,98,1176,0.6905460951262478,45,0.6203702583349067,0.5637147280112671,0.68413753286515,0.6348922787416053,0.5766165077038191,0.6939375073577689,0.0145220204066987,-0.009580449634142,0.0354064874812175,0.213816642074617,0.1883982201571218,0.2421842445651003,0.7031449704565854,0.6578378510827554,0.7492553056627769,0.5595979990965545,0.5267903828791254,0.5933235001310383,0.941986558726456,0.9140366798607577,0.966754326418716,0.1750160975930626,0.1094761413103804,0.2478182827780873,0.0228732036802877
AS.full,full_minus::ocular.pupil_quadratic_curvature.rseg_hard.rgb_nir_qc.v1,1_vs_234,1703,57,98,1176,0.6905460951262478,45,0.6190596585427286,0.5635777841533419,0.68312057336602,0.6348922787416053,0.5766165077038191,0.6939375073577689,0.0158326201988768,-0.0088521951159645,0.0362800445157803,0.2136650474770804,0.1884348619956026,0.2418610714101687,0.7028607119548368,0.6572222629329042,0.7478304068080681,0.559856397029371,0.5270473732023514,0.5933235001310383,0.941986558726456,0.9140366798607577,0.966754326418716,0.1755216587659645,0.1094761413103804,0.2487936693688615,0.0249374905460467
AS.full,full_minus::ocular.blink_rate.rgb_event_rate.pre30s.v1,1_vs_234,1703,57,98,1176,0.6905460951262478,45,0.6205625632412956,0.5656809434580196,0.6825046502435487,0.6348922787416053,0.5766165077038191,0.6939375073577689,0.0143297155003098,-0.0096817793884389,0.0350779859714548,0.2138110749083494,0.1888699619810974,0.2414948497554092,0.697644077872196,0.6528820875867334,0.7432714049726223,0.5547625397164021,0.5241582949932362,0.5878564238483037,0.937354743523053,0.9068857461255097,0.9643603679513651,0.1732922266166239,0.1089365781214023,0.2452309153152974,0.0225703099251926
AS.full,full_minus::movement.body_motion_energy.median.pre30s.v1,1_vs_234,1703,57,98,1176,0.6905460951262478,45,0.6166604194192321,0.5612652704565986,0.6796061130926407,0.6348922787416053,0.5766165077038191,0.6939375073577689,0.0182318593223731,-0.0052546310719454,0.0373978944159688,0.21232142826624,0.1868029135603153,0.2406261555665041,0.703255508979022,0.6572795937705466,0.7500002205170231,0.5604419369559962,0.5280189292437457,0.5958316866497064,0.9422429689828664,0.9131622402560964,0.9672787946927414,0.1766672803615355,0.1095735825392226,0.2510681789718878,0.0287164609380819
AS.full,full_minus::cardiopulmonary.hr.fused.v1,1_vs_234,1703,57,98,1176,0.6905460951262478,45,0.6205937749701167,0.5642434998618838,0.6835434699692905,0.6348922787416053,0.5766165077038191,0.6939375073577689,0.0142985037714887,-0.0103135055581205,0.0346969158454885,0.2138706146022821,0.1885014461628855,0.2415189214664801,0.7072757201749524,0.6659072659851438,0.748572825817608,0.5687775467100457,0.533664187588214,0.6035517510720325,0.9403021731609914,0.9107062715803692,0.9670556117839963,0.1942880653736249,0.1293506701574476,0.2690039375147688,0.0225211492567356
AS.full,full_minus::cardiopulmonary.br.v1,1_vs_234,1703,57,98,1176,0.6905460951262478,45,0.6190407386649635,0.5622548741141971,0.6822068083589328,0.6348922787416053,0.5766165077038191,0.6939375073577689,0.015851540076642,-0.0092208065212167,0.0368924458738104,0.2132185617137365,0.1877068530368514,0.2418481485551181,0.705213176369943,0.6586955257242137,0.7518269597540065,0.559856397029371,0.5270473732023514,0.5933235001310383,0.9418709451733424,0.912725115654428,0.9672741051271376,0.1755216587659645,0.1094761413103804,0.2487936693688615,0.0249672906844302
AS.full,full_minus_modality::behavior,1_vs_234,1703,57,98,1176,0.6905460951262478,45,0.6441079657051402,0.5873529452137881,0.7032166144866231,0.6348922787416053,0.5766165077038191,0.6939375073577689,-0.0092156869635348,-0.0186744381037648,-0.0003824370854071,0.2246581021673552,0.197817720466952,0.2525299249564127,0.5125175022355499,0.4481737191541566,0.5776288373611457,0.5016666666666667,0.5,0.505,0.9977564102564104,0.9937271062271062,1.0,0.0054347826086956,0.0,0.0163043478260869,-0.014515355237586
AS.full,full_minus_modality::cardiopulmonary,1_vs_234,1703,57,98,1176,0.6905460951262478,45,0.6189403242693111,0.5624583296396284,0.6816196455885515,0.6348922787416053,0.5766165077038191,0.6939375073577689,0.0159519544722942,-0.008907660846338,0.0364882360756559,0.2131336830486357,0.1877096957027147,0.2406586352669934,0.7069265360807264,0.6664756014847868,0.7477193710462908,0.5647726627051617,0.5322545291777406,0.5990631831141557,0.9372834656779984,0.9080355071327132,0.963008330387246,0.1901273709955392,0.1239222899241824,0.2671547081701876,0.0251254504211517
AS.full,full_minus_modality::movement,1_vs_234,1703,57,98,1176,0.6905460951262478,45,0.6166604194192321,0.5612652704565986,0.6796061130926407,0.6348922787416053,0.5766165077038191,0.6939375073577689,0.0182318593223731,-0.0052546310719454,0.0373978944159688,0.21232142826624,0.1868029135603153,0.2406261555665041,0.703255508979022,0.6572795937705466,0.7500002205170231,0.5604419369559962,0.5280189292437457,0.5958316866497064,0.9422429689828664,0.9131622402560964,0.9672787946927414,0.1766672803615355,0.1095735825392226,0.2510681789718878,0.0287164609380819
AS.full,full_minus_modality::ocular,1_vs_234,1703,57,98,1176,0.6905460951262478,45,0.620890812970407,0.5663568838591986,0.6838709669395887,0.6348922787416053,0.5766165077038191,0.6939375073577689,0.0140014657711983,-0.009372562001564,0.0351258794539119,0.2142346542923127,0.1894184396022556,0.2427428024297173,0.6944341849157798,0.6481047175926525,0.7403683539130835,0.5450911951571265,0.5152423361691377,0.579284436557095,0.9308188009954694,0.8956868894464719,0.9613872286717116,0.164311222757753,0.0952541973906922,0.2411420001586171,0.0220532935113814
AS.device::M0,M0,1_vs_234,2316,61,116,1591,0.6869602763385146,49,0.6237334205332632,0.576768764212538,0.6733113639871758,0.6438136768168266,0.5932680767232231,0.6984788216471016,0.02008025628356343,-0.007911156512720756,0.0443067683789445,0.21595384320421365,0.19464717618289556,0.23826412039636194,0.706039785552106,0.6655623022956653,0.744688174683303,0.5749205521483091,0.5459806208588347,0.608536873529319,0.9236682230985738,0.8884258073861265,0.9543057642611502,0.22460908115906367,0.1668996184172693,0.29522235523289,0.031189545992320582
AS.device::M2,M2,1_vs_234,2198,58,110,1518,0.6906278434940856,46,0.6184776241353978,0.5653605883951479,0.6719494808524713,0.6336980082010737,0.5813499228066995,0.6865047847920778,0.015220384065676012,-0.00995680583563458,0.03819760858368933,0.21354094630738754,0.18942012902526045,0.23745017075145522,0.7011328074356985,0.6545404218443746,0.7464507232545393,0.5482772018602704,0.5207886449194314,0.5790861731840943,0.9374796598266575,0.9060461271896206,0.9627641625985953,0.1520601835679162,0.0957902996893793,0.22115537830963364,0.024018355539546767
AS.device::M3,M3,1_vs_234,2196,60,110,1514,0.6894353369763205,48,0.6235844863655583,0.5745073573323509,0.6720242426466624,0.6410369253182432,0.586172280342004,0.6915564349181653,0.017452438952685133,-0.004608892592126902,0.03891702083115119,0.21602574208576647,0.1938894951524295,0.23767432558777804,0.7039761952695406,0.6599388708983869,0.7453260654724012,0.5581244707186417,0.5319964445672026,0.5867814657308441,0.9214463577237706,0.8904335874125024,0.9476768444490514,0.186522736393615,0.12998929334412948,0.25259990531576487,0.02722532550526767
AS.device::M5,M5,1_vs_234,1775,60,103,1223,0.6890140845070423,48,0.6180333219583619,0.57077484326394,0.6619479107858688,0.6446346428809611,0.5899995758530089,0.6964971751183286,0.02660132092259913,-0.00099539160970643,0.05455162257823566,0.21231359272899572,0.19121197493770112,0.23272430360060933,0.7068761575078107,0.6668401721717683,0.7466808993132088,0.5671210866279118,0.5376140128219788,0.5982305118017985,0.9229467126439682,0.8882648254143716,0.9492604646483117,0.21589876101966124,0.1504039365459241,0.2882953272518287,0.041265732793562195
AS.device::M6,M6,1_vs_234,2098,57,105,1461,0.6963775023832222,45,0.6216825428825273,0.5650140930009878,0.6854098569531741,0.6306302373357977,0.5716598360022184,0.6884014442354391,0.008947694453270448,-0.013974853082359715,0.029236403174826356,0.21483612175935748,0.18944211498375954,0.24337636767550133,0.7029129424849746,0.6542970105818142,0.7473605642270374,0.5406955739835466,0.5142873860283453,0.5694287328169532,0.9484560396777815,0.9201897237570383,0.971980498623765,0.12208108920065441,0.06386157547162982,0.18769269755003445,0.01418849576745871
AS.device::M7,M7,1_vs_234,1703,57,98,1176,0.6905460951262478,45,0.6207027136375438,0.5638666852037192,0.6843962404198751,0.6348922787416053,0.5766165077038191,0.6939375073577689,0.014189565104061523,-0.010094785037458007,0.035274156322926714,0.21394931851747317,0.18851660734266013,0.24243147627082742,0.7035213458949406,0.6580308123079938,0.7499783770247812,0.559856397029371,0.5270473732023514,0.5933235001310383,0.9415286832685804,0.9131622402560965,0.9665634161039226,0.17552165876596454,0.10947614131038044,0.24879366936886158,0.022349563192335706
AS.standalone::behavior.go_omission.raw.v1,standalone::behavior.go_omission.raw.v1,1_vs_234,2320,61,116,1594,0.6870689655172414,49,0.6435365675326941,0.5986504096027279,0.6922939732429528,0.6434362421654183,0.5931452323748966,0.697627905204003,-0.00010032536727591407,-0.006480819884779191,0.007061331293230502,0.22541422024727203,0.2039252165596648,0.24878924063609215,0.5466066646183748,0.5200778946331952,0.57548924223729,0.4990281827016521,0.4970845481049563,0.5,0.996111111111111,0.9894305555555555,1.0,0.0014285714285714286,0.0,0.004285714285714285,-0.00015592122529231397
AS.standalone::behavior.nogo_commission.raw.v1,standalone::behavior.nogo_commission.raw.v1,1_vs_234,2320,61,116,1594,0.6870689655172414,49,0.6122481434817099,0.5667693021184136,0.6585860050996974,0.6434362421654183,0.5931452323748966,0.697627905204003,0.03118809868370851,0.0073761991213711145,0.054040881126281644,0.21145071009811267,0.19083707230887437,0.23233293141626982,0.7038721458383868,0.6638923040995578,0.7433995540179068,0.5713778331040703,0.5455082682761873,0.601855076317536,0.9301253717365735,0.8987819285373826,0.9576950270590335,0.21025010680008932,0.15788274688477286,0.27199930826172236,0.048471156332052706
AS.standalone::behavior.rt_level.median.v1,standalone::behavior.rt_level.median.v1,1_vs_234,2318,61,116,1593,0.6872303710094909,49,0.6444965428192632,0.6001041746011584,0.6928778633157008,0.6437457973059664,0.5932104151927264,0.6985895715041062,-0.000750745513296569,-0.010175668047817912,0.00788814313781934,0.22569611564421202,0.2042665801610429,0.24909818478631235,0.5738719470965673,0.5226342119763605,0.6229660383420627,0.5,0.5,0.5,1.0,1.0,1.0,0.0,0.0,0.0,-0.0011662142361758157
AS.standalone::behavior.rt_trend.theilsen.v1,standalone::behavior.rt_trend.theilsen.v1,1_vs_234,2316,61,116,1591,0.6869602763385146,49,0.642949262423976,0.5978702093061397,0.6911788313154688,0.6438136768168266,0.5932680767232231,0.6984788216471016,0.0008644143928505864,-0.005223878317116597,0.007866078683239939,0.22512121368549567,0.2035223775281224,0.2483494071637048,0.5285280410649796,0.4952537868618515,0.5622924230981244,0.4997732426303855,0.49931972789115653,0.5,0.9996296296296295,0.9988888888888888,1.0,0.0,0.0,0.0,0.0013426468308726587
AS.standalone::behavior.rt_variability.cv.v1,standalone::behavior.rt_variability.cv.v1,1_vs_234,2318,61,116,1593,0.6872303710094909,49,0.6436369473165816,0.5989735276050957,0.6918546028826856,0.6437457973059664,0.5932104151927264,0.6985895715041062,0.00010884998938472636,-0.007393164362743745,0.008030496043411578,0.22547150558112,0.2040841052043682,0.2486858646107591,0.5516822075585721,0.5045962226425197,0.5957921432849839,0.4997242140099282,0.4991726420297849,0.5,0.9995495495495494,0.9986486486486487,1.0,0.0,0.0,0.0,0.0001690884660377689
AS.standalone::cardiopulmonary.br.v1,standalone::cardiopulmonary.br.v1,1_vs_234,2200,58,110,1520,0.6909090909090909,46,0.6345714896828943,0.5857989169811753,0.6842501485447351,0.6336107935594464,0.581272822634406,0.6866068882141475,-0.0009606961234479706,-0.005106416748969025,0.003460165198792223,0.22098070255102978,0.1976956358226487,0.2445989002061633,0.5142613922300204,0.468620141309613,0.556721451771142,0.5,0.5,0.5,1.0,1.0,1.0,0.0,0.0,0.0,-0.0015162243655147528
AS.standalone::cardiopulmonary.hr.fused.v1,standalone::cardiopulmonary.hr.fused.v1,1_vs_234,2200,58,110,1520,0.6909090909090909,46,0.6330760706566386,0.5814056669616086,0.6840484710723632,0.6336107935594464,0.581272822634406,0.6866068882141475,0.0005347229028077212,-0.005533863893785202,0.0065461615537478444,0.22030633216942197,0.19589110913174207,0.24455184807306402,0.48068669645859474,0.4311547936631989,0.5346323775484634,0.5,0.5,0.5,1.0,1.0,1.0,0.0,0.0,0.0,0.0008439295988059153
AS.standalone::movement.body_motion_energy.median.pre30s.v1,standalone::movement.body_motion_energy.median.pre30s.v1,1_vs_234,2300,61,115,1588,0.6904347826086956,49,0.6461126826771197,0.6010593908446409,0.6948363611271934,0.6443197920151499,0.5925780485534697,0.6996195251097663,-0.0017928906619698957,-0.00963452177057003,0.0066630541618085525,0.22648838630347662,0.20488424659891596,0.24974785702107352,0.45858090167419097,0.4033956712419857,0.5103058234363425,0.5,0.5,0.5,1.0,1.0,1.0,0.0,0.0,0.0,-0.002782609946471642
AS.standalone::ocular.blink_rate.rgb_event_rate.pre30s.v1,standalone::ocular.blink_rate.rgb_event_rate.pre30s.v1,1_vs_234,2200,60,110,1517,0.6895454545454546,48,0.6404360854587859,0.5907966408525311,0.6870522707606838,0.6406465090496644,0.5859482413687171,0.6912937521067916,0.0002104235908784872,-0.007636077626050412,0.007918673409529325,0.22383694721768935,0.20016591273809245,0.24608542168740127,0.5663838210856633,0.5251364008581987,0.6095582586628223,0.5004528985507246,0.5,0.501358695652174,1.0,1.0,1.0,0.0008873114463176574,0.0,0.0026619343389529724,0.00032845506516632667
AS.standalone::ocular.pupil_level.rseg_hard.rgb_nir_qc.v1,standalone::ocular.pupil_level.rseg_hard.rgb_nir_qc.v1,1_vs_234,1936,61,108,1326,0.6849173553719008,49,0.6497049635095546,0.6065792723901384,0.698890367503401,0.6487301097904201,0.5973352437009722,0.7063716435321209,-0.0009748537191344966,-0.008878822790054438,0.006981562626106202,0.22828919027234923,0.20751988630336096,0.2519952032319244,0.5157328217200218,0.4619256209490545,0.5760461470634465,0.5,0.5,0.5,1.0,1.0,1.0,0.0,0.0,0.0,-0.0015027107643414833
AS.standalone::ocular.pupil_linear_trend.rseg_hard.rgb_nir_qc.v1,standalone::ocular.pupil_linear_trend.rseg_hard.rgb_nir_qc.v1,1_vs_234,1857,61,107,1275,0.6865912762520194,49,0.646833386015356,0.6033989412587761,0.6955622497943362,0.6473895418075432,0.5960167900280696,0.7043585306851817,0.0005561557921873867,-0.007259208668595643,0.00866929369526648,0.22697686512772497,0.20606314914933724,0.2504540955217749,0.501951326959597,0.4555810556405527,0.5481285329550923,0.4994897959183674,0.49846938775510197,0.5,0.9991666666666668,0.9974999999999999,1.0,0.0,0.0,0.0,0.0008590744154355237
AS.standalone::ocular.pupil_quadratic_curvature.rseg_hard.rgb_nir_qc.v1,standalone::ocular.pupil_quadratic_curvature.rseg_hard.rgb_nir_qc.v1,1_vs_234,1855,61,107,1273,0.6862533692722372,49,0.6477767002497246,0.6046887536009745,0.6966734146016966,0.6473528795315255,0.5960880817016216,0.7041992951161589,-0.00042382071819893483,-0.008823613375343273,0.007911230694534966,0.22729985697303137,0.2065720240155113,0.25085348354178005,0.4850285854668933,0.44688921056139347,0.5234730686123648,0.49931972789115653,0.49795918367346936,0.5,0.9975,0.9924999999999999,1.0,0.0016666666666666666,0.0,0.005,-0.0006546981277130399
AS.standalone::ocular.pupil_variability.rseg_hard.rgb_nir_qc.v1,standalone::ocular.pupil_variability.rseg_hard.rgb_nir_qc.v1,1_vs_234,1936,61,108,1326,0.6849173553719008,49,0.6470898803501686,0.603521000860035,0.6954479487000772,0.6487301097904201,0.5973352437009722,0.7063716435321209,0.0016402294402515331,-0.010042448916302748,0.013602584322599216,0.22681033567196016,0.20601571587210027,0.2499225246172126,0.5924983104044667,0.5480817086090882,0.644096730762607,0.5020871985157699,0.5,0.5062615955473099,0.9968658810325477,0.9922357603815937,1.0,0.005,0.0,0.015,0.0025283695260906397
