analysis_set_id,n_probes,n_participants,q1_1,q1_2,q1_3,q1_4
AS.behavior_reference,2316,61,1591,467,94,164
AS.sensor_only_joint,1705,57,1178,324,69,134
AS.behavior_plus_ocular,1775,60,1223,336,78,138
AS.behavior_plus_movement,2296,61,1585,453,94,164
AS.behavior_plus_cardiopulmonary,2198,58,1518,437,83,160
AS.full,1703,57,1176,324,69,134
AS.device::M0,2316,61,1591,467,94,164
AS.device::M2,2198,58,1518,437,83,160
AS.device::M3,2196,60,1514,434,91,157
AS.device::M5,1775,60,1223,336,78,138
AS.device::M6,2098,57,1461,404,80,153
AS.device::M7,1703,57,1176,324,69,134
AS.standalone::behavior.go_omission.raw.v1,2320,61,1594,467,95,164
AS.standalone::behavior.nogo_commission.raw.v1,2320,61,1594,467,95,164
AS.standalone::behavior.rt_level.median.v1,2318,61,1593,467,94,164
AS.standalone::behavior.rt_trend.theilsen.v1,2316,61,1591,467,94,164
AS.standalone::behavior.rt_variability.cv.v1,2318,61,1593,467,94,164
AS.standalone::cardiopulmonary.br.v1,2200,58,1520,437,83,160
AS.standalone::cardiopulmonary.hr.fused.v1,2200,58,1520,437,83,160
AS.standalone::movement.body_motion_energy.median.pre30s.v1,2300,61,1588,453,95,164
AS.standalone::ocular.blink_rate.rgb_event_rate.pre30s.v1,2200,60,1517,434,92,157
AS.standalone::ocular.pupil_level.rseg_hard.rgb_nir_qc.v1,1936,61,1326,371,86,153
AS.standalone::ocular.pupil_linear_trend.rseg_hard.rgb_nir_qc.v1,1857,61,1275,355,82,145
AS.standalone::ocular.pupil_quadratic_curvature.rseg_hard.rgb_nir_qc.v1,1855,61,1273,355,82,145
AS.standalone::ocular.pupil_variability.rseg_hard.rgb_nir_qc.v1,1936,61,1326,371,86,153
