block,stage,n_participants,mean,ci_lower,ci_upper
B1,1,61,0.23883651888628285,0.22124461638897985,0.2590342462289749
B1,2,61,0.24276136950020993,0.22679649847145159,0.26041229828748214
B1,3,61,0.2533605832697138,0.2314317123392728,0.27777894926460217
B1,4,61,0.2520204654704065,0.22846474959374882,0.2790783890255952
B1,5,61,0.26069403448785583,0.2329855110520852,0.2941707670362492
B1,6,61,0.2766244859318683,0.25021793639012396,0.3070373256724299
B2,1,61,0.2558668972149399,0.22861095709069595,0.2886129289175224
B2,2,61,0.26627557925346884,0.23603303042831641,0.3015568836011215
B2,3,61,0.29247151716747094,0.26251686257895573,0.32624086751924464
B2,4,61,0.3020804487805936,0.26123982573024807,0.3487214063283991
B2,5,61,0.305471288378056,0.26754243636618386,0.3474243045029759
B2,6,61,0.30376833463789243,0.2635471492667106,0.3489068106119408
