analysis_set_id,model_id,training_fold_prevalence_log_loss
AS.behavior_plus_cardiopulmonary,behavior_plus::cardiopulmonary.br.v1,0.6336980082010737
AS.behavior_plus_cardiopulmonary,behavior_plus::cardiopulmonary.hr.fused.v1,0.6336980082010737
AS.behavior_plus_cardiopulmonary,behavior_plus_modality::cardiopulmonary,0.6336980082010737
AS.behavior_plus_cardiopulmonary,behavior_reference,0.6336980082010737
AS.behavior_plus_cardiopulmonary,modality::cardiopulmonary,0.6336980082010737
AS.behavior_plus_movement,behavior_plus::movement.body_motion_energy.median.pre30s.v1,0.6447034099353312
AS.behavior_plus_movement,behavior_plus_modality::movement,0.6447034099353312
AS.behavior_plus_movement,behavior_reference,0.6447034099353312
AS.behavior_plus_movement,modality::movement,0.6447034099353312
AS.behavior_plus_ocular,behavior_plus::ocular.blink_rate.rgb_event_rate.pre30s.v1,0.6446346428809611
AS.behavior_plus_ocular,behavior_plus::ocular.pupil_level.rseg_hard.rgb_nir_qc.v1,0.6446346428809611
AS.behavior_plus_ocular,behavior_plus::ocular.pupil_linear_trend.rseg_hard.rgb_nir_qc.v1,0.6446346428809611
AS.behavior_plus_ocular,behavior_plus::ocular.pupil_quadratic_curvature.rseg_hard.rgb_nir_qc.v1,0.6446346428809611
AS.behavior_plus_ocular,behavior_plus::ocular.pupil_variability.rseg_hard.rgb_nir_qc.v1,0.6446346428809611
AS.behavior_plus_ocular,behavior_plus_modality::ocular,0.6446346428809611
AS.behavior_plus_ocular,behavior_reference,0.6446346428809611
AS.behavior_plus_ocular,modality::ocular,0.6446346428809611
AS.behavior_reference,behavior_reference,0.6438136768168266
AS.device::M0,M0,0.6438136768168266
AS.device::M2,M2,0.6336980082010737
AS.device::M3,M3,0.6410369253182432
AS.device::M5,M5,0.6446346428809611
AS.device::M6,M6,0.6306302373357977
AS.device::M7,M7,0.6348922787416053
AS.full,full,0.6348922787416053
AS.full,full_minus::behavior.go_omission.raw.v1,0.6348922787416053
AS.full,full_minus::behavior.nogo_commission.raw.v1,0.6348922787416053
AS.full,full_minus::behavior.rt_level.median.v1,0.6348922787416053
AS.full,full_minus::behavior.rt_trend.theilsen.v1,0.6348922787416053
AS.full,full_minus::behavior.rt_variability.cv.v1,0.6348922787416053
AS.full,full_minus::cardiopulmonary.br.v1,0.6348922787416053
AS.full,full_minus::cardiopulmonary.hr.fused.v1,0.6348922787416053
AS.full,full_minus::movement.body_motion_energy.median.pre30s.v1,0.6348922787416053
AS.full,full_minus::ocular.blink_rate.rgb_event_rate.pre30s.v1,0.6348922787416053
AS.full,full_minus::ocular.pupil_level.rseg_hard.rgb_nir_qc.v1,0.6348922787416053
AS.full,full_minus::ocular.pupil_linear_trend.rseg_hard.rgb_nir_qc.v1,0.6348922787416053
AS.full,full_minus::ocular.pupil_quadratic_curvature.rseg_hard.rgb_nir_qc.v1,0.6348922787416053
AS.full,full_minus::ocular.pupil_variability.rseg_hard.rgb_nir_qc.v1,0.6348922787416053
AS.full,full_minus_modality::behavior,0.6348922787416053
AS.full,full_minus_modality::cardiopulmonary,0.6348922787416053
AS.full,full_minus_modality::movement,0.6348922787416053
AS.full,full_minus_modality::ocular,0.6348922787416053
AS.sensor_only_joint,sensor_only_joint,0.6348030118172029
AS.standalone::behavior.go_omission.raw.v1,standalone::behavior.go_omission.raw.v1,0.6434362421654183
AS.standalone::behavior.nogo_commission.raw.v1,standalone::behavior.nogo_commission.raw.v1,0.6434362421654183
AS.standalone::behavior.rt_level.median.v1,standalone::behavior.rt_level.median.v1,0.6437457973059664
AS.standalone::behavior.rt_trend.theilsen.v1,standalone::behavior.rt_trend.theilsen.v1,0.6438136768168266
AS.standalone::behavior.rt_variability.cv.v1,standalone::behavior.rt_variability.cv.v1,0.6437457973059664
AS.standalone::cardiopulmonary.br.v1,standalone::cardiopulmonary.br.v1,0.6336107935594464
AS.standalone::cardiopulmonary.hr.fused.v1,standalone::cardiopulmonary.hr.fused.v1,0.6336107935594464
AS.standalone::movement.body_motion_energy.median.pre30s.v1,standalone::movement.body_motion_energy.median.pre30s.v1,0.6443197920151499
AS.standalone::ocular.blink_rate.rgb_event_rate.pre30s.v1,standalone::ocular.blink_rate.rgb_event_rate.pre30s.v1,0.6406465090496644
AS.standalone::ocular.pupil_level.rseg_hard.rgb_nir_qc.v1,standalone::ocular.pupil_level.rseg_hard.rgb_nir_qc.v1,0.6487301097904201
AS.standalone::ocular.pupil_linear_trend.rseg_hard.rgb_nir_qc.v1,standalone::ocular.pupil_linear_trend.rseg_hard.rgb_nir_qc.v1,0.6473895418075432
AS.standalone::ocular.pupil_quadratic_curvature.rseg_hard.rgb_nir_qc.v1,standalone::ocular.pupil_quadratic_curvature.rseg_hard.rgb_nir_qc.v1,0.6473528795315255
AS.standalone::ocular.pupil_variability.rseg_hard.rgb_nir_qc.v1,standalone::ocular.pupil_variability.rseg_hard.rgb_nir_qc.v1,0.6487301097904201
