analysis_set_id,model_id,n_sessions,n_estimable,n_single_class,mean_auroc,median_auroc
AS.behavior_plus_cardiopulmonary,behavior_plus::cardiopulmonary.br.v1,110,80,30,0.6960680238637138,0.7239583333333333
AS.behavior_plus_cardiopulmonary,behavior_plus::cardiopulmonary.hr.fused.v1,110,80,30,0.6928773870769324,0.7338541666666667
AS.behavior_plus_cardiopulmonary,behavior_plus_modality::cardiopulmonary,110,80,30,0.6894508673005916,0.7238562091503268
AS.behavior_plus_cardiopulmonary,behavior_reference,110,80,30,0.6987038063335229,0.7388392857142858
AS.behavior_plus_cardiopulmonary,modality::cardiopulmonary,110,80,30,0.46154173942591853,0.4477124183006536
AS.behavior_plus_movement,behavior_plus::movement.body_motion_energy.median.pre30s.v1,115,82,33,0.6909368125356525,0.7252747252747254
AS.behavior_plus_movement,behavior_plus_modality::movement,115,82,33,0.6909368125356525,0.7252747252747254
AS.behavior_plus_movement,behavior_reference,115,82,33,0.6915414971731517,0.7257326007326008
AS.behavior_plus_movement,modality::movement,115,82,33,0.4914485013516106,0.5
AS.behavior_plus_ocular,behavior_plus::ocular.blink_rate.rgb_event_rate.pre30s.v1,103,72,31,0.6889847064308225,0.7230113636363636
AS.behavior_plus_ocular,behavior_plus::ocular.pupil_level.rseg_hard.rgb_nir_qc.v1,103,72,31,0.676728502232727,0.6962962962962963
AS.behavior_plus_ocular,behavior_plus::ocular.pupil_linear_trend.rseg_hard.rgb_nir_qc.v1,103,72,31,0.6829935216896377,0.6990950226244343
AS.behavior_plus_ocular,behavior_plus::ocular.pupil_quadratic_curvature.rseg_hard.rgb_nir_qc.v1,103,72,31,0.6855459363304919,0.7087053571428572
AS.behavior_plus_ocular,behavior_plus::ocular.pupil_variability.rseg_hard.rgb_nir_qc.v1,103,72,31,0.697864420613953,0.7303030303030302
AS.behavior_plus_ocular,behavior_plus_modality::ocular,103,72,31,0.6992071602696012,0.7197802197802199
AS.behavior_plus_ocular,behavior_reference,103,72,31,0.684109950157986,0.7074074074074075
AS.behavior_plus_ocular,modality::ocular,103,72,31,0.5696784748750371,0.5655637254901961
AS.behavior_reference,behavior_reference,116,83,33,0.6918851639173407,0.7261904761904762
AS.device::M0,M0,116,83,33,0.6918851639173407,0.7261904761904762
AS.device::M2,M2,110,80,30,0.6894508673005916,0.7238562091503268
AS.device::M3,M3,110,79,31,0.6930463093544078,0.7252747252747253
AS.device::M5,M5,103,72,31,0.6994269976595775,0.7230113636363636
AS.device::M6,M6,105,76,29,0.6911167432713485,0.7211111111111111
AS.device::M7,M7,98,69,29,0.6991115461004017,0.7272727272727273
AS.full,full,98,69,29,0.6991115461004017,0.7272727272727273
AS.full,full_minus::behavior.go_omission.raw.v1,98,69,29,0.699751933924714,0.7222222222222222
AS.full,full_minus::behavior.nogo_commission.raw.v1,98,69,29,0.5834840074331425,0.5714285714285715
AS.full,full_minus::behavior.rt_level.median.v1,98,69,29,0.6927142028018379,0.71875
AS.full,full_minus::behavior.rt_trend.theilsen.v1,98,69,29,0.7005511344676273,0.7222222222222222
AS.full,full_minus::behavior.rt_variability.cv.v1,98,69,29,0.7005776225510263,0.7142857142857143
AS.full,full_minus::cardiopulmonary.br.v1,98,69,29,0.7014086634907631,0.7142857142857143
AS.full,full_minus::cardiopulmonary.hr.fused.v1,98,69,29,0.6958013320252797,0.7083333333333334
AS.full,full_minus::movement.body_motion_energy.median.pre30s.v1,98,69,29,0.6995795912455569,0.7254901960784313
AS.full,full_minus::ocular.blink_rate.rgb_event_rate.pre30s.v1,98,69,29,0.695160506572849,0.7037037037037037
AS.full,full_minus::ocular.pupil_level.rseg_hard.rgb_nir_qc.v1,98,69,29,0.699511989504474,0.7115384615384616
AS.full,full_minus::ocular.pupil_linear_trend.rseg_hard.rgb_nir_qc.v1,98,69,29,0.6975277712861282,0.72
AS.full,full_minus::ocular.pupil_quadratic_curvature.rseg_hard.rgb_nir_qc.v1,98,69,29,0.6995342228876353,0.7222222222222222
AS.full,full_minus::ocular.pupil_variability.rseg_hard.rgb_nir_qc.v1,98,69,29,0.6880919112088629,0.7142857142857143
AS.full,full_minus_modality::behavior,98,69,29,0.5093355778557352,0.49333333333333335
AS.full,full_minus_modality::cardiopulmonary,98,69,29,0.6967556776386195,0.7058823529411765
AS.full,full_minus_modality::movement,98,69,29,0.6995795912455569,0.7254901960784313
AS.full,full_minus_modality::ocular,98,69,29,0.6836324553123865,0.711111111111111
AS.sensor_only_joint,sensor_only_joint,98,69,29,0.5094629565157227,0.49333333333333335
AS.standalone::behavior.go_omission.raw.v1,standalone::behavior.go_omission.raw.v1,116,83,33,0.5511414587666965,0.5
AS.standalone::behavior.nogo_commission.raw.v1,standalone::behavior.nogo_commission.raw.v1,116,83,33,0.7008712023317428,0.7133333333333334
AS.standalone::behavior.rt_level.median.v1,standalone::behavior.rt_level.median.v1,116,83,33,0.5646195675317427,0.5686274509803921
AS.standalone::behavior.rt_trend.theilsen.v1,standalone::behavior.rt_trend.theilsen.v1,116,83,33,0.5164881352421684,0.5050505050505051
AS.standalone::behavior.rt_variability.cv.v1,standalone::behavior.rt_variability.cv.v1,116,83,33,0.5415076618205464,0.5595238095238095
AS.standalone::cardiopulmonary.br.v1,standalone::cardiopulmonary.br.v1,110,80,30,0.5121919896315092,0.5257841573631048
AS.standalone::cardiopulmonary.hr.fused.v1,standalone::cardiopulmonary.hr.fused.v1,110,80,30,0.4609064337137213,0.45707070707070707
AS.standalone::movement.body_motion_energy.median.pre30s.v1,standalone::movement.body_motion_energy.median.pre30s.v1,115,82,33,0.49251331389984837,0.5
AS.standalone::ocular.blink_rate.rgb_event_rate.pre30s.v1,standalone::ocular.blink_rate.rgb_event_rate.pre30s.v1,110,79,31,0.562570726518401,0.53125
AS.standalone::ocular.pupil_level.rseg_hard.rgb_nir_qc.v1,standalone::ocular.pupil_level.rseg_hard.rgb_nir_qc.v1,108,78,30,0.5113674298556776,0.5396825396825398
AS.standalone::ocular.pupil_linear_trend.rseg_hard.rgb_nir_qc.v1,standalone::ocular.pupil_linear_trend.rseg_hard.rgb_nir_qc.v1,107,75,32,0.5089424081117063,0.5
AS.standalone::ocular.pupil_quadratic_curvature.rseg_hard.rgb_nir_qc.v1,standalone::ocular.pupil_quadratic_curvature.rseg_hard.rgb_nir_qc.v1,107,75,32,0.5054209297114611,0.4761904761904762
AS.standalone::ocular.pupil_variability.rseg_hard.rgb_nir_qc.v1,standalone::ocular.pupil_variability.rseg_hard.rgb_nir_qc.v1,108,78,30,0.569082466825787,0.581140350877193
