analysis_set_id,model_id,target,n_probes,n_participants,n_sessions,positive_probes,positive_fraction,n_two_class_participants,loss,loss_ci_low,loss_ci_high,baseline_loss,baseline_loss_ci_low,baseline_loss_ci_high,improvement,improvement_ci_low,improvement_ci_high,brier,brier_ci_low,brier_ci_high,auroc,auroc_ci_low,auroc_ci_high,balanced_accuracy,balanced_accuracy_ci_low,balanced_accuracy_ci_high,positive_recall,positive_recall_ci_low,positive_recall_ci_high,negative_recall,negative_recall_ci_low,negative_recall_ci_high,relative_loss_reduction,model_label,true_positive,false_negative,true_negative,false_positive
AS.behavior_reference,behavior_reference,1_vs_234,2316,61,116,1591,0.6869602763385146,49,0.6237334205332632,0.576768764212538,0.6733113639871758,0.6438136768168266,0.5932680767232231,0.6984788216471016,0.0200802562835634,-0.0079111565127207,0.0443067683789445,0.2159538432042136,0.1946471761828955,0.2382641203963619,0.706039785552106,0.6655623022956653,0.744688174683303,0.5749205521483091,0.5459806208588347,0.608536873529319,0.9236682230985738,0.8884258073861265,0.9543057642611502,0.2246090811590636,0.1668996184172693,0.29522235523289,0.0311895459923205,行为,,,,
AS.behavior_reference,behavior_reference,12_vs_34,2316,61,116,2058,0.8886010362694301,38,0.3943118912049724,0.2940983756007755,0.4983253894983179,0.3900527849311427,0.2847068788428317,0.4966353047914758,-0.0042591062738298,-0.019369803761684,0.0086568878960042,0.1150294528543708,0.078123034051311,0.1527377299813938,0.6852852096392181,0.6175203226866183,0.751702628035079,0.4982943469785574,0.4948830409356725,0.5,0.9970552519732848,0.9919854280510018,1.0,0.0,0.0,0.0,-0.0109193074331765,行为,2048.0,10.0,0.0,258.0
AS.behavior_plus_ocular,modality::ocular,1_vs_234,1775,60,103,1223,0.6890140845070423,48,0.6456336993816053,0.598279763595334,0.6925329721992033,0.6446346428809611,0.5899995758530089,0.6964971751183286,-0.0009990565006442,-0.0149202777543828,0.011130462665939,0.2252560460910378,0.2027832085517395,0.2473506032885661,0.5682910098081139,0.507958375491745,0.625727661816779,0.505530753968254,0.5,0.5143601190476191,0.9967579313342024,0.9920110821382008,1.0,0.0128765792031098,0.0,0.0342565597667638,-0.0015498026854084,眼部,,,,
AS.behavior_plus_ocular,modality::ocular,12_vs_34,1775,60,103,1559,0.8783098591549295,36,0.4068072484831211,0.310520997397104,0.5027948363791459,0.3973571947057077,0.2974750013141406,0.4974233264324359,-0.0094500537774134,-0.0264629433514269,0.0014802872552822,0.1185932544446004,0.0815998135111703,0.1551543930321233,0.5528855379885333,0.4700715280060444,0.636240135450022,0.5,0.5,0.5,0.9974893162393162,0.9924572649572648,1.0,0.0,0.0,0.0,-0.0237822641777315,眼部,1554.0,5.0,0.0,216.0
AS.behavior_plus_movement,modality::movement,1_vs_234,2296,61,115,1585,0.6903310104529616,49,0.6464554422283385,0.6015407070455155,0.6949690403896801,0.6447034099353312,0.5929924062804043,0.7005127352884069,-0.0017520322930072,-0.0096919909446183,0.0068241774930651,0.2266554716206717,0.2051127960839951,0.2498185377811771,0.4569459635433778,0.40080336996726,0.5079273855437394,0.5,0.5,0.5,1.0,1.0,1.0,0.0,0.0,0.0,-0.002717578759484,动作,,,,
AS.behavior_plus_movement,modality::movement,12_vs_34,2296,61,115,2038,0.8876306620209059,38,0.3917419792050981,0.293787183111027,0.4909139791090471,0.3901695523121355,0.2852399648430878,0.4965139095407902,-0.0015724268929624,-0.0097082908056293,0.0068942617341219,0.1134507428929409,0.0760621324349006,0.1511874236279511,0.4618834642746401,0.3890015047037237,0.5281640987364729,0.5,0.5,0.5,1.0,1.0,1.0,0.0,0.0,0.0,-0.0040301117389715,动作,2038.0,0.0,0.0,258.0
AS.behavior_plus_cardiopulmonary,modality::cardiopulmonary,1_vs_234,2198,58,110,1518,0.6906278434940856,46,0.6346959768390593,0.5843363692901494,0.6853317298590855,0.6336980082010737,0.5813499228066995,0.6865047847920778,-0.0009979686379855,-0.0071174980581342,0.0050684932792696,0.2210126736119954,0.1971749280615433,0.2451033975034309,0.4691034636416881,0.4158817027944077,0.5239801243766004,0.5,0.5,0.5,1.0,1.0,1.0,0.0,0.0,0.0,-0.0015748331619639,心肺,,,,
AS.behavior_plus_cardiopulmonary,modality::cardiopulmonary,12_vs_34,2198,58,110,1955,0.8894449499545041,34,0.3835831305958306,0.2863656355657832,0.5032800252898887,0.3864083412639976,0.2823792867992034,0.5166884437260925,0.0028252106681669,-0.0094430201471623,0.0165427564489693,0.1107659884760768,0.0739674558244918,0.1555496098808,0.4967770182174593,0.4187394313512482,0.573242073951999,0.5,0.5,0.5,1.0,1.0,1.0,0.0,0.0,0.0,0.0073114639785602,心肺,1955.0,0.0,0.0,243.0
AS.sensor_only_joint,sensor_only_joint,1_vs_234,1705,57,98,1178,0.6909090909090909,45,0.6440637577210162,0.5871861459704223,0.7032562875603156,0.6348030118172029,0.5762950860515555,0.6939591080416491,-0.0092607459038133,-0.0187178057105416,-0.0003575401261372,0.2246320354631574,0.1977378831628174,0.2525413217909053,0.5119016637887156,0.4475159718940556,0.5773594420358353,0.5016666666666667,0.5,0.505,0.9977564102564104,0.9937271062271062,1.0,0.0054347826086956,0.0,0.0163043478260869,-0.0145883773886064,八项传感联合,,,,
AS.sensor_only_joint,sensor_only_joint,12_vs_34,1705,57,98,1502,0.8809384164222874,32,0.4011653503856263,0.2936772566097119,0.5431666180621092,0.384009069833916,0.2778057225127101,0.5233066827841548,-0.0171562805517104,-0.035747546940793,-0.0035295350180652,0.1143397528962778,0.0753443626702259,0.1650269409917985,0.5278109502347916,0.4415053488048405,0.6079373884287154,0.5,0.5,0.5,0.996751945970696,0.9907137133699634,1.0,0.0,0.0,0.0,-0.0446767587003363,八项传感联合,1496.0,6.0,0.0,203.0
AS.full,full,1_vs_234,1703,57,98,1176,0.6905460951262478,45,0.6207027136375438,0.5638666852037192,0.6843962404198751,0.6348922787416053,0.5766165077038191,0.6939375073577689,0.0141895651040615,-0.010094785037458,0.0352741563229267,0.2139493185174731,0.1885166073426601,0.2424314762708274,0.7035213458949406,0.6580308123079938,0.7499783770247812,0.559856397029371,0.5270473732023514,0.5933235001310383,0.9415286832685804,0.9131622402560964,0.9665634161039226,0.1755216587659645,0.1094761413103804,0.2487936693688615,0.0223495631923357,十三项完整组合,,,,
AS.full,full,12_vs_34,1703,57,98,1500,0.8807985907222549,32,0.3993048457129853,0.2910738454176864,0.5482213828596157,0.3840952450843296,0.2779606635742085,0.5233069243456101,-0.0152096006286557,-0.0361821527077776,0.0029896723600921,0.114233325927138,0.0753257722920822,0.166346251412354,0.6713344337155958,0.606079396658604,0.7339265615659855,0.50234375,0.5,0.50703125,0.9947802197802196,0.9882288804945054,0.9995421245421248,0.0075757575757575,0.0,0.0227272727272727,-0.0395985131899158,十三项完整组合,1488.0,12.0,1.0,202.0
