analysis_set_id,comparison_type,baseline_model_id,added_model_id,improvement,ci_low,ci_high,n_participants
AS.behavior_plus_ocular,behavior_increment,behavior_reference,behavior_plus::ocular.pupil_level.rseg_hard.rgb_nir_qc.v1,-0.0022219324751859,-0.004456753765029,-0.0006687710713779,60
AS.behavior_plus_ocular,behavior_increment,behavior_reference,behavior_plus::ocular.pupil_variability.rseg_hard.rgb_nir_qc.v1,-0.0025397871935923,-0.0123680289502499,0.0029036742096093,60
AS.behavior_plus_ocular,behavior_increment,behavior_reference,behavior_plus::ocular.pupil_linear_trend.rseg_hard.rgb_nir_qc.v1,-9.582859693853643e-05,-0.0003298113910948,0.000116816122509,60
AS.behavior_plus_ocular,behavior_increment,behavior_reference,behavior_plus::ocular.pupil_quadratic_curvature.rseg_hard.rgb_nir_qc.v1,-9.5242096759175e-05,-0.0010187069385327,0.000540430184619,60
AS.behavior_plus_ocular,behavior_increment,behavior_reference,behavior_plus::ocular.blink_rate.rgb_event_rate.pre30s.v1,-0.0020036609355036,-0.0054702007687368,0.0013653898656786,60
AS.behavior_plus_ocular,behavior_modality_increment,behavior_reference,behavior_plus_modality::ocular,-0.0073405732031465,-0.0184638776326965,0.0001344337617425,60
AS.behavior_plus_movement,behavior_increment,behavior_reference,behavior_plus::movement.body_motion_energy.median.pre30s.v1,-0.0035570828373565,-0.0109006176663987,0.0013994596655518,61
AS.behavior_plus_movement,behavior_modality_increment,behavior_reference,behavior_plus_modality::movement,-0.0035570828373565,-0.0109006176663987,0.0013994596655518,61
AS.behavior_plus_cardiopulmonary,behavior_increment,behavior_reference,behavior_plus::cardiopulmonary.hr.fused.v1,0.0022103105824626,-0.0073602182873803,0.0107881738809508,58
AS.behavior_plus_cardiopulmonary,behavior_increment,behavior_reference,behavior_plus::cardiopulmonary.br.v1,-0.0011144838137963,-0.0023062016877207,-2.333947508390023e-06,58
AS.behavior_plus_cardiopulmonary,behavior_modality_increment,behavior_reference,behavior_plus_modality::cardiopulmonary,0.0011918383150571,-0.0083866825384105,0.0096580613115527,58
AS.full,full_leave_one_out,full_minus::behavior.rt_level.median.v1,full,-0.0017956811973057,-0.010430884231756,0.0041793978282698,57
AS.full,full_leave_one_out,full_minus::behavior.rt_variability.cv.v1,full,-0.0032199433362614,-0.0087966643016928,0.0015227359468082,57
AS.full,full_leave_one_out,full_minus::behavior.rt_trend.theilsen.v1,full,-0.0002344969900281,-0.0004216801899156,-5.9025285356346176e-05,57
AS.full,full_leave_one_out,full_minus::behavior.go_omission.raw.v1,full,0.0031449736908414,-0.0038608684908169,0.0111368304564673,57
AS.full,full_leave_one_out,full_minus::behavior.nogo_commission.raw.v1,full,-0.0006702161726459,-0.0079567024672365,0.004601555479712,57
AS.full,full_leave_one_out,full_minus::ocular.pupil_level.rseg_hard.rgb_nir_qc.v1,full,-0.0022610174006248,-0.0041354323290546,-0.0007865066431969,57
AS.full,full_leave_one_out,full_minus::ocular.pupil_variability.rseg_hard.rgb_nir_qc.v1,full,-0.0039286034777023,-0.0124779883546918,0.0008372439811617,57
AS.full,full_leave_one_out,full_minus::ocular.pupil_linear_trend.rseg_hard.rgb_nir_qc.v1,full,-0.0003439387758106,-0.0007187558244818,-0.0001114244855834,57
AS.full,full_leave_one_out,full_minus::ocular.pupil_quadratic_curvature.rseg_hard.rgb_nir_qc.v1,full,-0.0008904068148996,-0.0022889771362061,2.628082510308131e-05,57
AS.full,full_leave_one_out,full_minus::ocular.blink_rate.rgb_event_rate.pre30s.v1,full,-0.0041245106325356,-0.0085557528520687,-0.0012194569403513,57
AS.full,full_leave_one_out,full_minus::movement.body_motion_energy.median.pre30s.v1,full,-0.0039671578018015,-0.0148861037942087,0.002485929525744,57
AS.full,full_leave_one_out,full_minus::cardiopulmonary.hr.fused.v1,full,0.0001613742182908,-0.0079357492788505,0.0071977153879122,57
AS.full,full_leave_one_out,full_minus::cardiopulmonary.br.v1,full,-0.0014773649612298,-0.0034134711443456,0.0002324831330333,57
AS.full,full_leave_one_modality_out,full_minus_modality::behavior,full,0.0018984901247535,-0.0142361250493651,0.0165374006576421,57
AS.full,full_leave_one_modality_out,full_minus_modality::cardiopulmonary,full,-0.0014115661675841,-0.0093953037605767,0.0053968865140391,57
AS.full,full_leave_one_modality_out,full_minus_modality::movement,full,-0.0039671578018015,-0.0148861037942087,0.002485929525744,57
AS.full,full_leave_one_modality_out,full_minus_modality::ocular,full,-0.0106892327176388,-0.0211573808526694,-0.0030382351901512,57
