path,bytes,sha256,drive_id,downloaded_sha256,status
报告/FocusWave_国赛报告_文献与附录校订_原格式保留_20260930_v15.docx,24484428,99e554b76d1c3ea732018cbc43ce7c13322817c3111b9fbe51c86286693cb39f,1C4RwkRFnIIuBhoaN5dkbC_qBC3016c1x,99e554b76d1c3ea732018cbc43ce7c13322817c3111b9fbe51c86286693cb39f,PASS
原稿/FocusWave_国赛报告_重点与分页统一_标黄副本_20260929_v13.docx,25270400,8830a3e11cca3ca1357b0311c420a5921b9d0a318e1e4d2d36b4b0a8fd5ae1e0,1xNerCJjerMv8dKSD0qY-wXKaV927IcV4,8830a3e11cca3ca1357b0311c420a5921b9d0a318e1e4d2d36b4b0a8fd5ae1e0,PASS
核验材料/09-30-3-原格式保留与文献补核.md,13264,23a601c1d822da17d75a1964f604ac8bbb5fd1f95175c3172fe972e5166ce711,1Ef-VxIAkh-0s-1sNdi_6C8bfoyPpXf3q,23a601c1d822da17d75a1964f604ac8bbb5fd1f95175c3172fe972e5166ce711,PASS
核验材料/SHA256清单.json,497,4fd53275fa0d20c4d451662cf0658e65b52e72b17cda71d7e1fc9efdfe4a49d6,1Z-8FKLJxvnHY2BYf9jwLQtOn7vl1QE8A,4fd53275fa0d20c4d451662cf0658e65b52e72b17cda71d7e1fc9efdfe4a49d6,PASS
核验材料/citation_regression.json,12473,dd589c5ec569d410d2ad6b255f6223911b0fbb44fddefe43df4ce0b84b6150fc,1yI9l_9TRtoqkb4CKd5VDBgQCkOqHln55,dd589c5ec569d410d2ad6b255f6223911b0fbb44fddefe43df4ce0b84b6150fc,PASS
核验材料/patch_report_v15.py,17849,436d59ae84fa07c21920054d3a0fedd74d5852e0198836ddf8f734fecf9570cb,1rwI-pWVSG_QrCTSUjEVGxQskA8gRo352,436d59ae84fa07c21920054d3a0fedd74d5852e0198836ddf8f734fecf9570cb,PASS
核验材料/render_validation.json,270,98c41f5ad8195128770ea9a37d98d4cb06482ecbcb658121152577af63044d08,1FEzkrHWAvph9YrEn0-kLWerZh92gBmRL,98c41f5ad8195128770ea9a37d98d4cb06482ecbcb658121152577af63044d08,PASS
核验材料/v15_validation.json,10615,63a29d57da79cc326ac7d6cf305a4b77a4d3e60aa576b57440711a601097ace0,1aqZJEzpwtRDDFYE6OSisVXG42xYXONzV,63a29d57da79cc326ac7d6cf305a4b77a4d3e60aa576b57440711a601097ace0,PASS
HANDOFF.md,3605,0d953289c7848074b1d9356b525046fbf028588b6516d184f14d657cc709c4ec,1Bui_gtlXgKqWnbEm8-wFmiEGmXeoTTe6,0d953289c7848074b1d9356b525046fbf028588b6516d184f14d657cc709c4ec,PASS
bundle_manifest.csv,1845,f311c7fa0eb54376a14e03b55e7ce6cfdb30843c0c2337aaafaeea3fdca2e363,1XeDCtsPGDC54QewH1_aKKNujOq2QfeHv,f311c7fa0eb54376a14e03b55e7ce6cfdb30843c0c2337aaafaeea3fdca2e363,PASS
cloud_verified.json,5131,012b9cbcdc40b8bf2adb0dce1da3b648e073ab2edfafd23f0e10bc932843c192,17jAzrhZFWZfq09QrLGWeEqx_TC1D0z5j,012b9cbcdc40b8bf2adb0dce1da3b648e073ab2edfafd23f0e10bc932843c192,PASS
