id,first_author,year,status,verification_level,source
1,Andrillon,2021,DONE,正文相关段落／摘要与书目,https://www.nature.com/articles/s41467-021-23890-7
2,Baltrušaitis,2019,DONE,书目／方法来源页,https://arxiv.org/abs/1705.09406
3,Bastian,2013,DONE,正文相关段落／摘要与书目,https://www.frontiersin.org/journals/psychology/articles/10.3389/fpsyg.2013.00573/full
4,Bazarevsky,2020,DONE,书目／方法来源页,https://arxiv.org/abs/2006.10204
5,Bosch,2021,PARTIAL,作者机构书目已核；情境输入全文待核,https://vivo.colorado.edu/display/pubid_275909
6,Brishtel,2020,DONE,正文相关段落／摘要与书目,https://www.mdpi.com/1424-8220/20/9/2546
7,Brookshire,2024,DONE,书目／方法来源页,https://digitalcommons.providence.org/publications/8894/
8,Bühler,2025,DONE,摘要与书目,https://link.springer.com/article/10.1007/s40593-024-00412-2
9,Bühler,2025,DONE,摘要与书目,https://link.springer.com/article/10.1007/s10648-025-10041-3
10,Caffier,2003,DONE,摘要与书目,https://pubmed.ncbi.nlm.nih.gov/12736840/
11,Carriere,2013,DONE,摘要与书目,https://pubmed.ncbi.nlm.nih.gov/23458548/
12,Charles,2019,DONE,摘要与书目,https://pubmed.ncbi.nlm.nih.gov/30487103/
13,Chaudhary,2019,DONE,书目／方法来源页,https://arxiv.org/abs/1910.00694
14,Chidharom,2025,DONE,摘要与书目,https://pubmed.ncbi.nlm.nih.gov/39939567/
15,Chu,2023,DONE,摘要与书目,https://doi.org/10.1016/j.concog.2022.103463
16,Corcoran,2025,DONE,正文相关段落／摘要与书目,https://www.nature.com/articles/s42003-025-09026-3
17,Dong,2021,DONE,摘要与书目,https://journals.plos.org/plosone/article?id=10.1371/journal.pone.0251490
18,Dragomiretskiy,2014,DONE,书目／方法来源页,https://math.montana.edu/dzosso/code/
19,Efron,1994,DONE,书目／方法来源页,https://www.routledge.com/An-Introduction-to-the-Bootstrap/Efron-Tibshirani/p/book/9780412042317
20,Esterman,2013,DONE,摘要与书目,https://academic.oup.com/cercor/article-abstract/23/11/2712/303412
21,Esterman,2019,DONE,摘要与书目,https://pubmed.ncbi.nlm.nih.gov/30986621/
22,Farley,2013,DONE,正文相关段落／摘要与书目,https://www.frontiersin.org/journals/psychology/articles/10.3389/fpsyg.2013.00619/full
23,Fortenbaugh,2017,DONE,书目／方法来源页,https://nyaspubs.onlinelibrary.wiley.com/doi/10.1111/nyas.13318
24,Fortenbaugh,2018,DONE,摘要与书目,https://pubmed.ncbi.nlm.nih.gov/29307606/
25,Franklin,2013,DONE,摘要与书目,https://journals.sagepub.com/doi/10.1080/17470218.2013.858170
26,Fredricks,2004,DONE,摘要与书目,https://journals.sagepub.com/doi/full/10.3102/00346543074001059
27,Grassmann,2016,DONE,正文相关段落／摘要与书目,https://onlinelibrary.wiley.com/doi/10.1155/2016/8146809
28,Hautus,1995,DONE,摘要与书目,https://link.springer.com/article/10.3758/BF03203619
29,He,2016,DONE,摘要与书目,https://ietresearch.onlinelibrary.wiley.com/doi/abs/10.1049/iet-its.2015.0021
30,Joshi,2020,DONE,摘要与书目,https://pubmed.ncbi.nlm.nih.gov/32331857/
31,Joshi,2016,DONE,摘要与书目,https://www.sciencedirect.com/science/article/pii/S089662731501034X
32,Kane,2021,DONE,正文相关段落／摘要与书目,https://link.springer.com/article/10.3758/s13428-021-01557-x
33,Kartynnik,2019,DONE,书目／方法来源页,https://arxiv.org/abs/1907.06724
34,Kret,2019,DONE,摘要与书目,https://link.springer.com/article/10.3758/s13428-018-1075-y
35,Lugaresi,2019,DONE,书目／方法来源页,https://arxiv.org/abs/1906.08172
36,Macmillan,2005,PARTIAL,机构书目已核；公式对应页待核,https://ci.nii.ac.jp/ncid/BA69955900
37,Maffei,2018,DONE,摘要与书目,https://pubmed.ncbi.nlm.nih.gov/29133149/
38,Magliacano,2020,DONE,摘要与书目,https://pubmed.ncbi.nlm.nih.gov/32771601/
39,Manly,1999,DONE,摘要与书目,https://pubmed.ncbi.nlm.nih.gov/10390027/
40,Mathôt,2018,DONE,正文相关段落／摘要与书目,https://journalofcognition.org/articles/10.5334/joc.18
41,Mathôt,2018,DONE,正文相关段落／摘要与书目,https://link.springer.com/article/10.3758/s13428-017-1007-2
42,Mézière,2026,DONE,摘要与书目,https://link.springer.com/article/10.3758/s13421-025-01797-8
43,Oken,2006,DONE,摘要与书目,https://ohsu.elsevierpure.com/en/publications/vigilance-alertness-or-sustained-attention-physiological-basis-an-2/
44,Oyarzo,2022,DONE,摘要与书目,https://onlinelibrary.wiley.com/doi/10.1111/psyp.13994
45,Parasuraman,1979,DONE,摘要与书目,https://pubmed.ncbi.nlm.nih.gov/472714/
46,Paterniani,2023,DONE,书目／方法来源页,https://iris.unimore.it/handle/11380/1301469
47,Pattyn,2008,DONE,摘要与书目,https://pubmed.ncbi.nlm.nih.gov/17999934/
48,Pelagatti,2018,DONE,摘要与书目,https://pubmed.ncbi.nlm.nih.gov/31517211/
49,Pelagatti,2025,DONE,摘要与书目,https://wires.onlinelibrary.wiley.com/doi/10.1002/wcs.1695
50,Perrotte,2024,DONE,摘要与书目,https://www.sciencedirect.com/science/article/pii/S1369847823002759
51,Qian,2024,DONE,摘要与书目,https://pubmed.ncbi.nlm.nih.gov/39012308/
52,Quigley,2024,DONE,摘要与书目,https://onlinelibrary.wiley.com/doi/full/10.1111/psyp.14604
53,Randall,2014,DONE,摘要与书目,https://pubmed.ncbi.nlm.nih.gov/25089941/
54,Robertson,1997,DONE,摘要与书目,https://pubmed.ncbi.nlm.nih.gov/9204482/
55,Robison,2019,DONE,摘要与书目（全文受限）,https://link.springer.com/article/10.3758/s13428-019-01212-6
56,Sacco,2020,DONE,摘要与书目,https://www.mdpi.com/1424-8220/20/12/3489
57,Sarter,2001,DONE,摘要与书目,https://pubmed.ncbi.nlm.nih.gov/11336780/
58,Schleicher,2008,DONE,摘要与书目,https://www.tandfonline.com/doi/abs/10.1080/00140130701817062
59,Schooler,2011,DONE,摘要与书目,https://pubmed.ncbi.nlm.nih.gov/21684189/
60,See,1995,PARTIAL,机构书目已核；具体结果全文待核,https://cir.nii.ac.jp/crid/1360588387566041472
61,Seli,2014,DONE,摘要与书目,https://pubmed.ncbi.nlm.nih.gov/24364721/
62,Seli,2013,DONE,正文相关段落／摘要与书目,https://www.frontiersin.org/journals/psychology/articles/10.3389/fpsyg.2013.00265/full
63,Sen,1968,DONE,摘要与书目,https://doi.org/10.1080/01621459.1968.10480934
64,Silva Filho,2023,DONE,正文相关段落／摘要与书目,https://link.springer.com/article/10.1007/s10994-023-06336-7
65,Smilek,2010,PARTIAL,书目页；具体结果全文待核,https://journals.sagepub.com/doi/10.1177/0956797610368063
66,Soukupová,2016,DONE,原论文文本／方法来源,https://cmp.felk.cvut.cz/ftp/articles/cech/Soukupova-CVWW-2016.pdf
67,Stawarczyk,2016,DONE,摘要与书目,https://pubmed.ncbi.nlm.nih.gov/27268466/
68,Theil,1950,PARTIAL,原机构书目已核；合并条目的页码待核,https://ir.cwi.nl/pub/18445
69,Tuckwell,2022,DONE,摘要与书目,https://pubmed.ncbi.nlm.nih.gov/35095033/
70,Turppa,2020,DONE,摘要与书目,https://www.mdpi.com/1424-8220/20/22/6505
71,Ultralytics,2026,DONE,书目／方法来源页,https://docs.ultralytics.com/models/yolo26/
72,Unsworth,2021,DONE,摘要与书目,https://journals.sagepub.com/doi/abs/10.1177/09637214211030266
73,Unsworth,2018,DONE,摘要与书目,https://link.springer.com/article/10.3758/s13415-018-0594-4
74,Unsworth,2018,DONE,摘要与书目,https://pubmed.ncbi.nlm.nih.gov/29488845/
75,van den Brink,2016,DONE,正文相关段落／摘要与书目,https://journals.plos.org/plosone/article?id=10.1371/journal.pone.0165274
76,Van den Driessche,2025,DONE,摘要与书目,https://pubmed.ncbi.nlm.nih.gov/40009896/
77,van der Wel,2018,DONE,正文相关段落／摘要与书目,https://link.springer.com/article/10.3758/s13423-018-1432-y
78,van Schie,2021,DONE,摘要与书目,https://pubmed.ncbi.nlm.nih.gov/34022494/
79,Weinstein,2018,DONE,正文相关段落／摘要与书目,https://link.springer.com/article/10.3758/s13428-017-0891-9
80,Welhaf,2024,DONE,正文相关段落／摘要与书目,https://link.springer.com/article/10.3758/s13414-023-02786-2
81,Wiemers,2019,DONE,正文相关段落／摘要与书目,https://link.springer.com/article/10.3758/s13423-018-1529-3
82,Wilson,2016,DONE,正文相关段落／摘要与书目,https://link.springer.com/article/10.1007/s00221-016-4701-x
83,Xanthakis,2014,DONE,摘要与书目,https://onlinelibrary.wiley.com/doi/10.1002/sim.6165
84,Xu,2026,DONE,摘要与书目,https://onlinelibrary.wiley.com/doi/10.1002/fer3.70048
85,Yao,2024,DONE,摘要与书目,https://ieeexplore.ieee.org/document/10646329/
86,Yoo,2021,DONE,正文相关段落／摘要与书目,https://journals.plos.org/plosone/article?id=10.1371/journal.pone.0261463
87,Zanesco,2025,DONE,摘要与书目；出版年分层核对,https://pubmed.ncbi.nlm.nih.gov/38421788/
