session_id,block_num,binocular_raw_median,bbox_scale_px,outer_eye_px,inner_canthus_px,rotation_mag,translation_mag
sub-056,1,36.902123226769774,303.0588455200193,121.014270582888,49.11053492855007,0.1139125252788627,4.910912026006783
sub-056,2,38.78181543704101,297.27989196777264,117.50831884327746,47.160297842208536,0.10765884432649568,4.94218560658074
sub-057,1,40.104096237758455,312.343505859375,119.99363696595003,49.60179557583495,0.0820058147415671,4.848138582331811
sub-057,2,41.16682492196127,286.3445129394515,112.10522936351768,46.8628282002135,0.055528576247162384,4.722439290025514
sub-058,1,42.455568606005706,308.5760803222656,118.22216989126647,49.485293232317844,0.060312745185829124,4.973909548242269
sub-058,2,42.64191888213356,315.8321533203125,121.19434039736032,49.875338500986196,0.05295952663182706,4.941749699534541
sub-059,1,33.51155977238956,292.882080078125,111.51962378294647,48.09447433921223,0.09857395983757528,4.880302147810037
sub-059,2,34.04289091934939,297.2113037109375,113.02613766255482,48.045090681569704,0.07513847381887734,4.942695742689228
sub-062,1,29.844164513148225,324.427169799804,126.1198673847168,51.52934195878325,0.0962959534690187,5.162608627506837
sub-062,2,31.906183703016318,325.885498046875,126.90589417167516,51.96754225490003,0.05475751830775916,5.163088847044617
sub-064,1,37.923239967373405,291.54791259765625,112.35509618679414,47.90519631904209,0.06652328052155032,4.941532542005751
sub-064,2,35.6507132924132,307.0988006591789,119.35033091560774,50.342157404924436,0.0801588093560036,5.0046092968144595
sub-065,1,29.26873506533594,285.4021606445296,110.6026611328125,44.39002508987227,0.07447912320667056,4.81412732809399
sub-065,2,29.05289296553802,282.1430969238265,111.12336651087456,44.70658671177661,0.08433069038999895,4.75239163698674
sub-067,1,46.51462300015175,309.11753845214804,131.49183882567775,55.21896126491135,0.10703972553192326,4.81658347170007
sub-067,2,40.80014410401671,315.4125442504881,133.2343290825089,56.98967903822506,0.09686635040246092,4.722635942077039
sub-068,1,32.14740575952341,278.220458984375,105.33257319058353,42.98189014317909,0.0907763302860264,5.036710820251726
sub-068,2,32.8176518867876,279.2081375122068,106.07584307378178,43.61807402064703,0.10286971775297088,5.067915956949347
sub-070,1,56.50109288993703,273.6322937011719,112.46975642971773,46.18588326341624,0.0711796587292952,5.007580363121745
sub-070,2,57.74147778047896,276.20367431640625,115.79117647962944,47.713185236085636,0.06338594247050328,4.975557186803588
sub-071,1,27.55921212958928,256.82143402099587,116.50280269469465,49.542828511592376,0.10715448735570471,4.502456160511763
sub-071,2,16.396975154870272,256.96490478515443,117.77570460479738,49.94118500513392,0.11053387595808707,4.502419313137258
sub-072,1,40.97745300558094,272.876953125,107.08156753425632,43.52656714830235,0.0459118326403309,5.0053996116218205
sub-072,2,40.49297920447593,273.2575531005851,106.33999712859976,43.25787695931811,0.044081688246996986,5.036089126012504
sub-073,1,39.30553112742884,275.7782287597639,105.04900657822701,43.890482900906974,0.0876690083838838,5.068769840752568
sub-073,2,40.13121896111625,268.919677734375,103.54927132712837,43.54950245944728,0.09157852826748067,5.006102423585235
sub-074,1,37.72316146820455,308.30319213867034,116.63345051635396,47.902499603678045,0.10425576532096982,5.192092155570684
sub-074,2,36.94594160503456,307.65687561035077,117.38913902260819,47.49455058834698,0.13829785263412533,5.129300351483419
sub-075,1,35.957879837572214,254.71141815185524,99.31218243044667,41.711361142209704,0.025775775759982904,5.004285453898623
sub-075,2,43.13211334068437,260.71794128417923,101.79229696165231,42.520348223539635,0.03853266928874996,4.973830211114382
sub-076,1,31.882721656352597,272.512939453125,107.73479122694538,44.66292295413684,0.09237763272375898,4.972871320258311
sub-076,2,31.50693671841184,288.2937469482418,109.68537192068855,45.92615920709931,0.11048154960633404,5.067550719620861
sub-077,1,40.45767496751934,283.0400390625,118.1605040459264,51.34621280358579,0.04542688861336627,4.7550344203806505
sub-077,2,52.80702432699648,273.11627197265625,115.19956759566998,50.41483974028526,0.047920219155371514,4.692933599039711
sub-078,1,31.697797923109484,269.15280151367017,107.17982693631569,45.68101965476781,0.07587403977743325,4.847765748499471
sub-078,2,30.57394601735344,271.12713623046875,107.31361246971292,45.87530517578125,0.0676745305902205,4.879029449980625
sub-081,1,34.22378167570804,271.93402099609375,103.41535406220412,43.20697021484375,0.11772857364615724,5.101405425559886
sub-081,2,33.17279629507559,272.46234130859375,102.00067138671875,42.475485748407905,0.11176528761663596,5.131678698786799
sub-082,1,34.83796316150725,282.014404296875,107.96735956291523,46.30501040702209,0.10788343279909754,4.9112566323647355
sub-082,2,35.038489948249875,281.13636779785156,108.38143937255457,46.27828455814151,0.0877630791788175,4.911435907213624
sub-083,1,36.77290392003155,281.1323242187492,115.51342694927601,48.538017373616555,0.10239523837325785,4.88008586175021
sub-083,2,37.85915796037781,282.25824737548726,115.6626531622145,48.534428357475235,0.09116294788961446,4.910083655652953
sub-084,1,10.247341728858329,331.8632583618155,142.6257487432157,59.08254460049734,0.14452444359174474,4.721964876621617
sub-084,2,31.26608436815012,332.321533203125,144.3912188594047,59.93452249398769,0.1556730914907406,4.722832051749231
sub-085,1,39.70272297949704,259.42938232421693,98.50711173215609,42.02470285420446,0.1696993807151388,5.070306679704122
sub-085,2,39.01112509835821,264.883544921875,100.41682634788182,42.71003793391345,0.17071767784255415,5.069681325223396
sub-093,1,51.23716240697419,261.77044677734375,106.06333319012596,45.41035272960377,0.06503246489587436,4.910191646780617
sub-093,2,50.17430743416111,262.78668212890625,106.9022741564873,46.00870111130335,0.05789621323546304,4.81607569343705
sub-094,1,38.90923153909131,305.7911453247068,119.002457407124,48.39868541862681,0.16079046677711722,4.9120709859512
sub-094,2,35.02001604921435,302.92840576171875,118.75989639483078,48.109928403739694,0.16466882473127362,4.88089591291596
sub-095,1,35.07184400900822,334.7987213134759,126.06547095628679,55.094962988499674,0.03164037135795883,5.004783434834905
sub-095,2,35.45706514629724,312.16851806640625,119.42847700314162,51.82776686573698,0.032052465716537734,4.9732702922884595
sub-096,1,33.990357039949686,332.53756713867045,141.82571520879915,59.114250839379444,0.06322299489333348,4.7533984493184
sub-096,2,36.50714956235893,339.96478271484375,146.6046694751718,60.69222290577045,0.0730488737262319,4.723086052797475
sub-098,1,33.07037230570739,333.09521484375,128.09922560488826,55.50249046074033,0.09851248171191075,4.8473802261437555
sub-098,2,34.18710410584488,332.23017883300747,127.6444657470888,54.97963432059096,0.10576136933301583,4.878492882461411
sub-100,1,,267.920166015625,113.31978316466565,46.07948772519837,0.16086032831947963,4.945636055065768
sub-100,2,28.347535287202337,282.7536163330074,115.8687839796949,46.907925533182286,0.15552811759076918,5.0707608290720625
sub-104,1,37.113628060941664,318.006103515625,142.79430340550286,60.256000740559884,0.12314105592402257,4.974137722926607
sub-104,2,35.420094568686935,327.43388366699185,148.2618063651963,62.46893488052056,0.15278385853466803,5.0064442594660505
sub-106,1,34.79577169966085,305.3740997314445,124.77516467950926,53.282012939453125,0.050805324566205665,4.847455607295693
sub-106,2,34.208996466985184,301.8583984375,124.45538188761275,53.59802301754707,0.07398115576051403,4.816503805331181
sub-107,1,50.31470059396397,292.1666259765625,113.09133645414201,50.18777573125714,0.10039212711858031,4.9745072073364085
sub-107,2,47.07502850326104,299.3905029296875,112.94179301217972,49.515079848203186,0.07964069691872816,5.0682111429944445
sub-108,1,32.36936308947224,301.0949172973623,122.2133413072011,49.34353461776707,0.11557297340814165,4.8188195213728005
sub-108,2,32.56167052419046,311.08059692382665,124.17818744543291,50.24797451577563,0.10995791386195837,4.880679164459376
sub-109,1,37.49643556524607,309.8016357421871,137.45343774231884,58.88741475141023,0.10712353284617378,4.849449108976845
sub-109,2,38.22489768677767,313.2989196777329,137.4840000398202,58.44860539179725,0.06390704389979063,4.943368443752427
sub-110,1,36.97035684139196,284.7558288574219,126.70555030483337,54.06874282252713,0.1403711734308036,4.628235555902114
sub-110,2,38.847073129313785,276.060546875,123.74123794192519,52.45824934888391,0.12244923383621106,4.627805595078465
sub-114,1,35.54392612862317,289.9121551513664,111.25095591381881,44.59628024116908,0.07192604076807894,5.069829468135179
sub-114,2,34.83063413114711,283.3392333984375,109.47873906594043,43.72922530751225,0.07759947453252108,5.06981713089571
sub-116,1,42.00581636912292,330.1905822753892,124.45724455956227,50.56979446832366,0.13205649681902948,5.160662038619819
sub-116,2,40.16880669693669,327.94990539550747,124.99828549414762,50.734853885806345,0.13329994285236002,5.129646544186956
sub-117,1,42.28453889927367,306.21324157714764,122.18435678288498,50.17867507116344,0.10372835972399014,4.973821598606829
sub-117,2,40.73028308220347,307.20272827148284,123.69240567695483,51.04707325993355,0.12415133293369399,4.911331169717898
sub-118,1,31.970673523846543,259.9453430175781,97.5386962890625,40.922465512549266,0.07023646538197191,5.193835914127206
sub-118,2,31.171939937313265,271.50341796875,101.10221702525519,42.20644368941466,0.05174147150004196,5.224410550621404
sub-119,1,27.94036685455314,333.8930816650384,133.42092257211704,56.96177387657524,0.08154889111469757,4.973613626625481
sub-119,2,28.11038755915518,332.45146179199185,132.78067234035055,57.057983752880205,0.11052064685584086,5.036439534648713
sub-122,1,38.67981605773478,353.2798843383781,140.8172499527152,57.54230453885358,0.11008590169454045,4.784306571513614
sub-122,2,40.53840759429595,357.1323623657225,147.28316595823742,60.17447232708295,0.09458220168553894,4.72087955584117
sub-123,1,32.47814911065119,277.763671875,113.55983650039809,47.61414208841932,0.08641557579210664,5.00559966670949
sub-123,2,33.03008685126891,270.883544921875,112.84302603334437,47.67616699465889,0.12228545875067127,4.9740230396732095
sub-124,1,39.01307740190122,259.51220703125,106.55300660210902,45.41275960112933,0.07805222459545527,4.7538658836237015
sub-124,2,38.8807525945455,260.73953247070136,106.79283375013185,45.49040405021832,0.06982176449603944,4.755144602114171
sub-125,1,38.44403701081096,306.15002441406097,116.63272069975702,49.34573489666185,0.1290792113654297,5.035794162219403
sub-125,2,38.46448806293191,315.13533020019497,118.21191307401097,49.9747566502824,0.13274067451207966,5.035726723563807
sub-126,1,38.10412539020756,314.41558837890585,122.15738660453312,53.35351525097008,0.08327448307725527,5.130860561465825
sub-126,2,35.104820116833025,325.245361328125,127.06740089691311,55.6204347929178,0.11014669524824341,5.162997576211961
sub-127,1,38.776579211261335,311.62278747558594,121.67573596660812,51.97828952689291,0.10827839707522724,5.070319327436532
sub-127,2,40.71302046699343,312.6280517578125,122.40759255833255,52.56542368475416,0.07978414432205272,5.100633570233028
sub-128,1,35.77774072045547,242.89154815673805,104.48472673377395,43.10855119640469,0.058175261400693304,4.785327334751555
sub-128,2,36.92137360155709,244.97666931152295,106.69675859544482,43.722064773075076,0.05168684106162286,4.723131812157488
sub-129,1,43.96286497627409,293.88219451904274,119.58450508354579,50.65544893251072,0.13378070888636995,4.597200726003929
sub-129,2,41.52112172229231,288.9023895263664,119.48565997596847,50.70994913003469,0.11960274543947946,4.59703668456535
sub-130,1,41.6951074275756,279.439208984375,118.23554048134943,50.59534697890495,0.07064084535949146,4.848142334023834
sub-130,2,42.2651897489752,281.68016052246014,117.32927310799094,49.88711664480556,0.05984484231427853,4.87997708507241
sub-131,1,,306.83782958984375,124.6624092454472,53.04487553790625,0.05108217789088747,4.690273233904245
sub-131,2,28.19327078603436,302.4529266357414,126.5805632061637,52.98433812559827,0.026239875145783603,4.627109206489402
sub-133,1,44.76841778733011,281.486083984375,118.543212890625,51.15270789895468,0.05501533913477155,4.755693701457021
sub-133,2,41.25217558778199,279.62200927734375,118.94118070779152,51.124005655502515,0.1199774355584912,4.817783540812494
sub-134,1,30.118539938762588,311.4272766113281,124.20358904315582,50.537004768407726,0.20440226807880765,4.973103272351638
sub-134,2,29.468490845560595,312.8334197998043,125.7807323054987,51.5199641958663,0.19808397415864173,4.973322033792669
sub-139,1,31.67235524713028,329.06796264648295,127.8577518484371,52.53055335735457,0.0715404221444749,4.878951846338031
sub-139,2,31.107006920018232,327.9045639038084,129.00070534928693,53.00633114299026,0.07046919811817703,4.878718452873235
sub-143,1,40.02423036977029,273.3318328857418,124.85482702957692,50.280330216162355,0.11230601434338472,4.754595457334829
sub-143,2,37.97600017697327,287.1851806640625,132.1480456656235,53.78608259123938,0.1454433323896015,4.878997108966459
sub-145,1,47.801676738664526,294.651611328125,118.28646409833358,49.245187090253474,0.18909617352701724,4.911649880427749
sub-145,2,45.46188011377162,298.939811706542,117.29435793971783,48.3046090187367,0.15263916703930192,4.974113688281336
sub-147,1,37.99270149488899,320.0197906494133,122.89758019212181,54.66680908203125,0.04498110884307486,4.942741192295703
sub-147,2,36.9508361374571,320.21091461181624,124.22824221473374,54.775482177734375,0.03684410136603623,4.942564597458395
sub-148,1,46.327928444986114,297.9480285644516,113.58685302734375,50.21079444639515,0.07302067798158325,5.0375575547185765
sub-148,2,45.54757717604461,296.20587158203125,112.48004150390625,49.53830172398153,0.06973068267873218,5.0684375925956076
sub-154,1,26.803855961587,345.06048583984375,133.92560234434174,57.85346769326747,0.11999792675869812,5.099794570733412
sub-154,2,25.070745856744807,333.3812255859375,131.53452157945122,57.73586352240016,0.1319446256982105,5.130171436009308
sub-158,1,37.03579102214,295.9075164794914,126.03772952554175,53.53931498620945,0.14517094192115093,4.721956201166934
sub-158,2,29.77331959639808,292.2403106689449,127.26547742641091,53.672266012133775,0.1399820783758624,4.722077522756718
sub-160,1,44.7191287754096,284.3230895996077,119.76908049803899,51.28203131545006,0.054306647786774666,4.691319657796314
sub-160,2,43.64064711398438,299.92413330078125,122.79075993979811,52.58674311339897,0.04681611830669141,4.753459239402405
sub-162,1,28.967611112171603,321.77619934081997,125.6845719362272,53.10121602142789,0.16332227748153175,4.9417366143565085
sub-162,2,31.239577806590777,332.97282409667935,133.51103161702784,55.88643582927789,0.2273857762796125,4.940879224106394
sub-166,1,47.73461078116415,277.79527282714764,112.7713470807573,46.51678103399583,0.075474801561347,4.722180479015545
sub-166,2,47.45534680323756,268.4705505371094,110.17306964769301,45.83159627890129,0.052909066903766115,4.689209777423587
sub-170,1,53.61127387197467,302.6205673217764,117.05862427936279,46.245703683421425,0.13458959153530986,5.005086895317344
sub-170,2,53.95062115799149,298.89158630371014,114.62550516396726,45.63441424281122,0.09548693483264864,5.004366108366711
sub-175,1,31.518730928262244,317.1534118652329,127.91174768895719,53.905320085749175,0.07763230413205371,4.814479872685349
sub-175,2,32.79701429956742,309.52978515625,124.81436398072593,52.59079684845502,0.06626079561336755,4.846073036958276
sub-178,1,54.61299194143193,298.30856323242034,115.61743397547966,48.91143997722766,0.05763397588459936,4.974147657258135
sub-178,2,52.32910323936305,305.42381286621014,119.18648857186766,50.473161341940184,0.06251819164259137,5.005445332921349
sub-031,1,33.16880642875419,286.2762084960937,105.40054738785824,45.09303469274995,0.07925603001402369,4.983905392536016
sub-031,2,30.47552202144168,287.4537414550781,109.69196713806227,45.75586965235512,0.0692443091153934,4.971717669769396
sub-032,1,37.88711116076881,264.7267272949219,108.59292299672421,43.67672083847047,0.0947975053457466,4.737195830841498
sub-032,2,41.95381286156847,257.3328002929687,107.82461125030169,43.26129728581611,0.09958629791475951,4.679167594039111
sub-033,1,37.49369688002433,351.13771362304686,155.54919076249018,65.24026478965422,0.11032868472851788,4.71319790491941
sub-033,2,37.26714240276351,333.7418701171875,143.30242971538738,59.901757140302735,0.11667987657711185,4.794985449708232
sub-034,1,31.49976897994155,293.46198120117185,113.70714593834512,47.30566054867269,0.16083697294613392,5.14270816254092
sub-034,2,31.73450526190361,283.6146789550781,111.41655690425476,45.46553405719988,0.14098001243805305,5.134568518377834
sub-035,1,36.15695258406036,278.1229248046875,113.67310385733492,47.33092130654702,0.08577519354330052,4.874589063701662
sub-035,2,35.774477979120135,295.796630859375,120.13402624991673,51.187312982467716,0.10643392692824737,4.831243755962925
sub-036,1,,347.18133544921875,134.52018508759986,54.91726480768065,0.17790505543465723,5.169105972123435
sub-036,2,46.18715291481424,293.03712158203126,112.30313233916294,44.98475518526407,0.0920307280079032,5.154354996702527
sub-037,1,43.40139768546597,338.73341674804686,129.28353165570996,51.27626703915746,0.28757173333364294,5.13883723095647
sub-037,2,40.01304359731784,337.2584289550781,129.35493929733528,51.25309069853703,0.3056746760031653,5.1623774965450915
sub-038,1,28.65496767834238,271.65997924804685,120.61677896129234,52.20469836009984,0.06936602149706828,4.5389832137444674
sub-038,2,30.20433244584737,285.4588348388672,120.2534290713779,53.594472735014,0.0967875562344209,4.603771592233288
sub-039,1,31.234866787853782,283.9615173339844,111.2853974953155,44.08313701928266,0.12125810207501299,4.788340177863063
sub-039,2,31.170442789534647,277.9141845703125,111.6629220986836,44.512527761696155,0.143339990145181,4.720784458218085
sub-040,1,36.18086119184363,320.68297119140624,114.80493574707378,48.71726589775327,0.08500810175041087,5.091151665822944
sub-040,2,37.52789847255033,316.9156219482422,113.98548543682278,48.48465820849154,0.05402400216595592,5.0788726156503206
sub-041,1,38.63194821541781,281.5537628173828,112.1897771717872,46.67789636081332,0.13228804082539286,4.827410899087777
sub-041,2,40.46087030866612,289.3860443115234,110.88016307343023,46.14562491839328,0.11664935903551474,4.784517917268049
sub-042,1,32.52947941732484,254.3367919921875,113.79142153806373,49.20775377998765,0.033607914930804124,4.718513268635127
sub-042,2,32.712657476319954,248.06618041992186,109.99987053265923,47.81039583437767,0.01896026222465697,4.702253708264855
sub-043,1,39.53375585615948,282.8577575683594,113.34652188310224,48.66538526657499,0.10985518929919873,4.9455424016616325
sub-043,2,38.34525220925239,309.9657531738281,122.62237062198281,52.63652466814415,0.0701515994197789,5.092937357128142
sub-044,1,48.75657777474207,296.9959350585937,118.09369289443453,49.99318328602059,0.11637495233564446,4.775163840586498
sub-044,2,45.59784677373045,296.0849853515625,116.88171954836511,48.85400779957615,0.09967188906376628,4.794069755463558
sub-045,1,30.267485207421075,267.1471252441406,110.13926398389643,45.751422642816834,0.10468543055293424,4.494069151293232
sub-045,2,30.11161281209696,270.3501342773437,112.9660728834329,47.04449507928761,0.08720178890438593,4.427037560547831
sub-046,1,37.99785916125601,269.57611999511715,101.61951020662616,43.79704535731328,0.1469653644293012,5.078632472631118
sub-046,2,36.50042476082103,276.75234374999997,105.17969828044004,45.0259546639981,0.12746072283765297,5.044870409268959
sub-047,1,40.22988952440237,287.0459838867188,116.32505315123473,49.01967730789093,0.11930473397877776,4.868431336792749
sub-047,2,33.717803398815775,282.608935546875,115.14785405197999,48.667019956436725,0.11899716706388731,4.853124506933772
sub-048,1,35.080802113560715,275.1615051269531,105.69362386769302,43.65803555106058,0.04254333801342146,4.741926050352359
sub-048,2,32.832082767783625,274.2378295898437,104.38154670327167,43.714729926987836,0.04557181275292469,4.78917599194801
sub-049,1,42.91008059567986,264.6560119628906,110.5479704345619,46.590427893811444,0.134835899949107,4.6774639954127375
sub-049,2,41.28888314848558,270.22011108398436,111.89498000155547,46.859992425421964,0.12615657367438587,4.722887104187224
sub-050,1,34.45579083692873,315.76121520996094,124.01205105120866,53.390914027926726,0.04670557653660212,4.869602271886
sub-050,2,41.57573315646691,319.3147338867187,123.90289284758668,53.86648791698194,0.06404377473003373,4.916089534363279
sub-051,1,48.75625682386661,271.89691772460935,114.95023783509947,47.83201659917093,0.053888238340463746,4.594253298173669
sub-051,2,48.0866913295349,282.22565917968745,114.9070176223654,48.25091474740448,0.05273092116324499,4.784287038259948
sub-052,1,40.81243232792045,346.21417236328125,132.301813069837,52.53298406433933,0.16702868925117229,4.966764130209437
sub-052,2,42.03542229908181,326.3963928222656,125.7584274708674,49.84461795713465,0.14169883006817452,4.946824950502899
sub-053,1,38.31792269067495,276.4243469238281,111.84094926107551,48.004796381845324,0.06660736707594145,4.742770244751018
sub-053,2,37.941635730701336,262.04448852539065,109.73907277572178,47.04542342135157,0.1708510179243803,4.714429647789341
sub-054,1,39.61570458220636,267.5245422363281,112.43182729550966,49.20342004750839,0.11666150135354458,4.746850317344566
sub-054,2,39.07028383935053,264.9112243652344,111.5166692119855,48.74540156266492,0.12456041648377614,4.724664620938145
sub-055,1,28.714587979705783,290.41539916992184,119.41781974245188,49.944752131708825,0.12101179140502119,4.98772862094934
sub-055,2,25.68126195550712,314.4390563964844,129.57985033865793,53.97905721213122,0.17111906268555477,4.999080308354842
sub-061,1,40.40380670902033,251.1875427246094,104.65285686900577,43.30631546785199,0.18700709673980165,4.627427038232465
sub-061,2,40.01815789453081,245.959716796875,102.47529239461709,42.78993480566241,0.17771528081834392,4.652777407228322
sub-137,1,35.48335437028776,268.57582397460936,116.35333417430063,50.470511819379155,0.12624121820464035,4.694804884493745
sub-137,2,36.16170343481512,260.47501831054683,115.33222294139372,49.53226588218282,0.17896475356247896,4.629199732300098
sub-141,1,35.92205718473684,255.9877990722656,102.08504778184731,43.71556329817792,0.07743028520239026,4.840660876629245
sub-141,2,36.42302380482477,258.39869384765626,103.18147294748117,43.88443851131238,0.08168015564143849,4.8730334666226325
sub-144,1,21.439291856120214,337.6125549316406,131.8387531823063,56.75803996842597,0.11720264923974365,5.033692427002182
sub-144,2,25.461196586397516,330.5488037109375,132.76492715718447,57.7290588895422,0.1340849137441162,4.989060320684546
sub-146,1,34.308351854296305,319.39309387207027,118.94285898289492,47.26606136132234,0.08231716251454581,5.16902829607867
sub-146,2,34.46272357635428,320.70294799804685,119.00832496236495,47.544344871789555,0.07801722493911416,5.2077897936413535
sub-150,1,38.10722847487391,289.90021362304685,122.58206015796844,52.3589381547399,0.07474483526369954,4.714735134503082
sub-150,2,29.184543111801204,302.3622802734375,125.53968163706014,53.855872660625224,0.0578573430945935,4.65019261213548
sub-153,1,44.52661339289167,278.7693420410156,113.97034370272353,46.95269908240767,0.1368937657789032,5.08309892990382
sub-153,2,41.17320577972531,287.65285034179686,117.52881807403281,48.22882747985741,0.12382365354587214,5.117290517717865
sub-156,1,38.744520989354285,295.3796081542969,127.72446266192213,53.87914657484726,0.0913435765289947,4.817648754139692
sub-156,2,37.33984144466484,274.6600341796875,125.71826681214807,51.920014117499456,0.10427903661919025,4.731771983991224
sub-163,1,32.69237325980653,318.49715423583984,122.6483846340044,51.97315970950544,0.09849465738167601,4.760107630365345
sub-163,2,30.415540907762452,332.0259979248047,127.3640835075585,54.1801751928324,0.0973853098157741,4.763564151696592
sub-164,1,37.36399202078583,264.97584228515626,120.16457930523748,49.3813811262815,0.08423333107894576,4.760016060677759
sub-164,2,36.319660355343714,266.45262451171874,124.03290003829005,52.78872731655159,0.1623981373624217,4.750694624090517
sub-165,1,32.92513974891109,342.1185607910156,134.09274807347427,56.8566720610401,0.022071616939686185,4.865860022266109
sub-165,2,32.814352362079326,335.0356750488281,133.61489275140792,56.219302731484746,0.02259725774443904,4.811455540089405
sub-167,1,39.69512817838012,224.3121826171875,94.75712143579831,38.19451438978382,0.05233113113576743,4.7670556977355725
sub-167,2,37.19429276797669,222.506982421875,93.90975791513247,38.46607946733162,0.06390682330273881,4.783424728714548
sub-168,1,35.093683945985866,273.92557983398433,105.0709847015173,44.87885756535326,0.18403606579719706,5.116321770277635
sub-168,2,34.74076684702407,280.533984375,106.79374186008774,45.80198405469736,0.1441873918496683,5.085994770309692
sub-171,1,39.32025238295756,275.7772521972656,115.52853992206562,47.5082691056476,0.07945107305357355,5.053800968379386
sub-171,2,37.35161972680146,275.4968994140625,115.222872879971,47.41199311279476,0.08890776935359465,5.070399224028046
sub-172,1,39.81136716076644,317.30335693359376,126.71132672196251,53.33682496158251,0.08145755175721245,4.85609487643946
sub-172,2,40.820661475377705,316.00074462890626,125.70190993257656,53.94175497537539,0.068069684210476,4.874781094493076
sub-173,1,39.95902361453358,247.29173583984374,104.98784702279269,42.58643595878855,0.10019862696006351,4.760535554115126
sub-173,2,38.76940115360284,243.58565368652341,103.11152726834723,41.67465114626118,0.10551087304794385,4.742690861334433
sub-174,1,42.46811356776432,240.42775268554686,96.40354755187161,41.12856309451228,0.03151763491299013,4.84154539056411
sub-174,2,37.72370789176673,243.77426147460938,97.62961932916662,41.49589819291646,0.06794040540490465,4.86854377606007
sub-176,1,44.28649332162955,336.25693359375,140.86315682271274,60.91536465901712,0.14715878004163221,4.691283041001175
sub-176,2,39.81752106520649,339.9627685546875,143.29226083411706,61.95653417384393,0.1436171423401202,4.673724898056754
sub-177,1,36.33786072892519,252.29694213867185,105.35030251398132,44.82271103078921,0.14296210877258772,4.917028057889572
sub-177,2,35.59194530547424,254.35812377929688,108.73711242039712,46.18693913999526,0.14657403233909905,4.907209866371377
