model_name,model_family,analysis,outcome,predictor,estimate_per_predictor_sd,se,ci_low,ci_high,status,observation_unit,correlation_structure,participant_group_n,session_n,n_rows
rgb_behavior_window_gee_body_motion_energy_median__go_correct_rt_median_ms,GaussianGEE_cluster,rgb_behavior_window_gee,body_motion_energy_median,go_correct_rt_median_ms,0.0023610225812565775,0.0024849475675033225,-0.0025094746510499347,0.00723151981356309,estimable,probe,Exchangeable within participant_group_id,61,115,2298
rgb_behavior_window_gee_body_motion_energy_median__go_correct_rt_cv,GaussianGEE_cluster,rgb_behavior_window_gee,body_motion_energy_median,go_correct_rt_cv,0.0001382933296091276,0.0014368697780556003,-0.002677971435379849,0.002954558094598104,estimable,probe,Exchangeable within participant_group_id,61,111,1794
rgb_behavior_window_gee_body_motion_energy_median__omission_rate,GaussianGEE_cluster,rgb_behavior_window_gee,body_motion_energy_median,omission_rate,-0.0020585434385368352,0.002440707879658221,-0.006842330882666949,0.002725244005593278,estimable,probe,Exchangeable within participant_group_id,61,115,2300
rgb_behavior_window_gee_body_motion_energy_median__commission_rate,GaussianGEE_cluster,rgb_behavior_window_gee,body_motion_energy_median,commission_rate,0.0005502485021840611,0.0020923899593301085,-0.0035508358181029517,0.004651332822471074,estimable,probe,Exchangeable within participant_group_id,61,115,2300
rgb_behavior_window_gee_body_motion_energy_median__dprime_loglinear,GaussianGEE_cluster,rgb_behavior_window_gee,body_motion_energy_median,dprime_loglinear,0.0004837917260412347,0.0023954690830275934,-0.004211327676692848,0.005178911128775318,estimable,probe,Exchangeable within participant_group_id,61,115,2300
rgb_behavior_window_gee_exposure_change_abs_median__go_correct_rt_median_ms,GaussianGEE_cluster,rgb_behavior_window_gee,exposure_change_abs_median,go_correct_rt_median_ms,6.041884033441699e-05,0.00010216761419060097,-0.00013982968347916091,0.00026066736414799487,estimable,probe,Exchangeable within participant_group_id,61,115,2298
rgb_behavior_window_gee_exposure_change_abs_median__go_correct_rt_cv,GaussianGEE_cluster,rgb_behavior_window_gee,exposure_change_abs_median,go_correct_rt_cv,3.602923753095714e-05,5.7408287189255216e-05,-7.649100535998308e-05,0.00014854948042189735,estimable,probe,Exchangeable within participant_group_id,61,111,1794
rgb_behavior_window_gee_exposure_change_abs_median__omission_rate,GaussianGEE_cluster,rgb_behavior_window_gee,exposure_change_abs_median,omission_rate,-8.358319187353811e-05,0.00010269049179731971,-0.00028485655579628475,0.00011769017204920853,estimable,probe,Exchangeable within participant_group_id,61,115,2300
rgb_behavior_window_gee_exposure_change_abs_median__commission_rate,GaussianGEE_cluster,rgb_behavior_window_gee,exposure_change_abs_median,commission_rate,-6.521852332036668e-05,0.00010136338603501943,-0.0002638907599490048,0.0001334537133082714,estimable,probe,Exchangeable within participant_group_id,61,115,2300
rgb_behavior_window_gee_exposure_change_abs_median__dprime_loglinear,GaussianGEE_cluster,rgb_behavior_window_gee,exposure_change_abs_median,dprime_loglinear,0.00010255689329125913,0.00011165727090879288,-0.0001162913576899749,0.0003214051442724932,estimable,probe,Exchangeable within participant_group_id,61,115,2300
rgb_behavior_window_gee_pose_lateral_right_per_sec_median__go_correct_rt_median_ms,GaussianGEE_cluster,rgb_behavior_window_gee,pose_lateral_right_per_sec_median,go_correct_rt_median_ms,1.7170468405565255e-06,1.8320284451815168e-05,-3.419071068500121e-05,3.7624804366114254e-05,estimable,probe,Exchangeable within participant_group_id,61,115,2298
rgb_behavior_window_gee_pose_lateral_right_per_sec_median__go_correct_rt_cv,GaussianGEE_cluster,rgb_behavior_window_gee,pose_lateral_right_per_sec_median,go_correct_rt_cv,-1.236591418407669e-05,2.135649891073025e-05,-5.422465204910799e-05,2.9492823680954604e-05,estimable,probe,Exchangeable within participant_group_id,61,111,1794
rgb_behavior_window_gee_pose_lateral_right_per_sec_median__omission_rate,GaussianGEE_cluster,rgb_behavior_window_gee,pose_lateral_right_per_sec_median,omission_rate,3.043917943534444e-05,1.1547068768906903e-05,7.806924648286909e-06,5.3071434222401966e-05,estimable,probe,Exchangeable within participant_group_id,61,115,2300
rgb_behavior_window_gee_pose_lateral_right_per_sec_median__commission_rate,GaussianGEE_cluster,rgb_behavior_window_gee,pose_lateral_right_per_sec_median,commission_rate,4.24823919088341e-05,2.3583094404013308e-05,-3.740473123031985e-06,8.870525694070017e-05,estimable,probe,Exchangeable within participant_group_id,61,115,2300
rgb_behavior_window_gee_pose_lateral_right_per_sec_median__dprime_loglinear,GaussianGEE_cluster,rgb_behavior_window_gee,pose_lateral_right_per_sec_median,dprime_loglinear,-4.5048341326154576e-05,1.9151001264838478e-05,-8.258430380523799e-05,-7.512378847071158e-06,estimable,probe,Exchangeable within participant_group_id,61,115,2300
rgb_behavior_window_gee_pose_vertical_up_per_sec_median__go_correct_rt_median_ms,GaussianGEE_cluster,rgb_behavior_window_gee,pose_vertical_up_per_sec_median,go_correct_rt_median_ms,4.108624778520578e-05,2.876804606600709e-05,-1.5299122504168123e-05,9.747161807457968e-05,estimable,probe,Exchangeable within participant_group_id,61,115,2298
rgb_behavior_window_gee_pose_vertical_up_per_sec_median__go_correct_rt_cv,GaussianGEE_cluster,rgb_behavior_window_gee,pose_vertical_up_per_sec_median,go_correct_rt_cv,-2.363517870487388e-05,3.304566493488959e-05,-8.840468197725748e-05,4.113432456750971e-05,estimable,probe,Exchangeable within participant_group_id,61,111,1794
rgb_behavior_window_gee_pose_vertical_up_per_sec_median__omission_rate,GaussianGEE_cluster,rgb_behavior_window_gee,pose_vertical_up_per_sec_median,omission_rate,6.960251853291654e-05,4.449885246307984e-05,-1.7615232294719945e-05,0.00015682026936055302,estimable,probe,Exchangeable within participant_group_id,61,115,2300
rgb_behavior_window_gee_pose_vertical_up_per_sec_median__commission_rate,GaussianGEE_cluster,rgb_behavior_window_gee,pose_vertical_up_per_sec_median,commission_rate,1.6724287365271327e-05,4.3253735405454056e-05,-6.805303402941863e-05,0.00010150160875996127,estimable,probe,Exchangeable within participant_group_id,61,115,2300
rgb_behavior_window_gee_pose_vertical_up_per_sec_median__dprime_loglinear,GaussianGEE_cluster,rgb_behavior_window_gee,pose_vertical_up_per_sec_median,dprime_loglinear,-3.6403571930569856e-05,4.559239245622343e-05,-0.00012576466114476778,5.295751728362806e-05,estimable,probe,Exchangeable within participant_group_id,61,115,2300
rgb_behavior_window_gee_pose_radial_proximity_direction_score_median__go_correct_rt_median_ms,GaussianGEE_cluster,rgb_behavior_window_gee,pose_radial_proximity_direction_score_median,go_correct_rt_median_ms,-0.010096516377733438,0.004792377970395125,-0.019489577199707883,-0.000703455555758993,estimable,probe,Exchangeable within participant_group_id,61,115,2298
rgb_behavior_window_gee_pose_radial_proximity_direction_score_median__go_correct_rt_cv,GaussianGEE_cluster,rgb_behavior_window_gee,pose_radial_proximity_direction_score_median,go_correct_rt_cv,-0.006742361617653532,0.006969191534117196,-0.020401977024523236,0.006917253789216172,estimable,probe,Exchangeable within participant_group_id,61,111,1794
rgb_behavior_window_gee_pose_radial_proximity_direction_score_median__omission_rate,GaussianGEE_cluster,rgb_behavior_window_gee,pose_radial_proximity_direction_score_median,omission_rate,-0.009314418370943222,0.006119857929368302,-0.021309339912505096,0.00268050317061865,estimable,probe,Exchangeable within participant_group_id,61,115,2300
rgb_behavior_window_gee_pose_radial_proximity_direction_score_median__commission_rate,GaussianGEE_cluster,rgb_behavior_window_gee,pose_radial_proximity_direction_score_median,commission_rate,0.008518750653572455,0.006691059151565899,-0.0045957252834967054,0.021633226590641617,estimable,probe,Exchangeable within participant_group_id,61,115,2300
rgb_behavior_window_gee_pose_radial_proximity_direction_score_median__dprime_loglinear,GaussianGEE_cluster,rgb_behavior_window_gee,pose_radial_proximity_direction_score_median,dprime_loglinear,-0.0035155845703031736,0.007284281970631502,-0.01779277723274092,0.010761608092134571,estimable,probe,Exchangeable within participant_group_id,61,115,2300
rgb_behavior_window_gee_blink_event_rate_per_min__go_correct_rt_median_ms,GaussianGEE_cluster,rgb_behavior_window_gee,blink_event_rate_per_min,go_correct_rt_median_ms,-0.7014033121922422,0.7960190622574045,-2.261600674216755,0.8587940498322707,estimable,probe,Exchangeable within participant_group_id,60,110,2198
rgb_behavior_window_gee_blink_event_rate_per_min__go_correct_rt_cv,GaussianGEE_cluster,rgb_behavior_window_gee,blink_event_rate_per_min,go_correct_rt_cv,0.5157533306481569,0.27110451191047863,-0.01561151269638128,1.0471181739926951,estimable,probe,Exchangeable within participant_group_id,60,106,1722
rgb_behavior_window_gee_blink_event_rate_per_min__omission_rate,GaussianGEE_cluster,rgb_behavior_window_gee,blink_event_rate_per_min,omission_rate,1.5634776952295675,0.6181289834928105,0.3519448875836588,2.7750105028754763,estimable,probe,Exchangeable within participant_group_id,60,110,2200
rgb_behavior_window_gee_blink_event_rate_per_min__commission_rate,GaussianGEE_cluster,rgb_behavior_window_gee,blink_event_rate_per_min,commission_rate,0.6005548220981857,0.25984862060290675,0.09125152571648842,1.1098581184798828,estimable,probe,Exchangeable within participant_group_id,60,110,2200
rgb_behavior_window_gee_blink_event_rate_per_min__dprime_loglinear,GaussianGEE_cluster,rgb_behavior_window_gee,blink_event_rate_per_min,dprime_loglinear,-1.09508798502945,0.41879328253899023,-1.9159228188058708,-0.27425315125302907,estimable,probe,Exchangeable within participant_group_id,60,110,2200
